,target_id,pAc,smiles
29173,Q05397,3.71,COC1=CC=C(C=C1)CNC2=C3C4=CC=CC=C4OC3=NC=C2
29174,Q05397,3.81,C1C(=O)NN=C2N1C3=CC=CC=C3OC2
29175,Q05397,3.9,CC(=O)NC1=CC=CC=C1NC2=NC(=NC(=N2)C(F)(F)F)NC3=CC(=C(C(=C3)OC)OC)OC
29176,Q05397,4.04,CN1C2=CC=CC=C2N=C1C3=NC4=C(C=C3)C(=O)N(C(=O)N4C)C
29177,Q05397,4.16,CN1C2=CC=CC=C2N=C1C3=NC(=NC=C3)NC4=CC=C(C=C4)Cl
29178,Q05397,4.18,CNC1=NC(=NC(=N1)NC2=CC(=C(C(=C2)OC)OC)OC)NC3=CC=CC=C3NS(=O)(=O)C
29179,Q05397,4.24,CC1=CC=C(C=C1)NC2=NC=CC(=N2)C3=NC4=CC=CC=C4N3C
29180,Q05397,4.24,COC1=CC(=CC(=C1OC)OC)NC2=NC(=NC(=N2)NC3=CC(=CC=C3)NS(=O)(=O)C)Cl
29181,Q05397,4.27,CC1=NC(=NC(=N1)NC2=CC(=C(C(=C2)OC)OC)OC)NC3=CC=CC=C3NC(=O)N(C)C
29182,Q05397,4.29,CC1=NC(=NC(=N1)NC2=CC(=C(C(=C2)OC)OC)OC)NC3=CC=CC=C3NC(=O)C
29183,Q05397,4.3,CN1C=C(C2=CC=CC=C21)C3=C(CNC3=O)C4=CC(=C(C(=C4)OC)OC)OC
29184,Q05397,4.37,COC1=CC(=CC(=C1OC)OC)C2=C(CNC2=O)C3=CN(C4=CC=CC=C43)COC5=CC=CC=C5
29185,Q05397,4.38,COC1=CC(=CC(=C1OC)OC)NC2=NC(=NC(=N2)NC3=CC=CC=C3NS(=O)(=O)C)Cl
29186,Q05397,4.38,CNC1=NC(=NC(=N1)NC2=CC(=C(C(=C2)OC)OC)OC)NC3=CC(=CC=C3)NS(=O)(=O)C
29187,Q05397,4.4,COC1=CC(=CC(=C1OC)OC)C2=C(CNC2=O)C3=CN(C4=CC=CC=C43)COCC5=CC=CC=C5
29188,Q05397,4.42,CN1C2=CC=CC=C2N=C1C3=NC(=NC=C3)NC4=CC=CC=C4
29189,Q05397,4.44,CC1=NC(=NC(=N1)NC2=CC(=C(C(=C2)OC)OC)OC)NC3=CC=CC=C3NC(=O)OC
29190,Q05397,4.46,COCN1C=C(C2=CC=CC=C21)C3=C(C(=O)NC3)C4=CC(=C(C(=C4)OC)OC)OC
29191,Q05397,4.47,CC1=CC=C(C=C1)CSC2=NN=C(O2)CN3C4=CC=CC=C4N=N3
29192,Q05397,4.47,C1=CC=C2C(=C1)N=NN2CC3=NN=C(O3)SCC4=CC(=C(C=C4)F)F
29193,Q05397,4.52,COC1=CC=CC=C1/C=C\C2=NC=C(N2CCOC(=O)C3=C4C(=CC=C3)OCCO4)[N+](=O)[O-]
29194,Q05397,4.54,COC1=CC=C(C=C1)/C=C\C2=NC=C(N2CCOC(=O)C3=C4C(=CC=C3)OCCO4)[N+](=O)[O-]
29195,Q05397,4.54,CC1=CC=C(C=C1)C2=NN(C(C2)C3=CC4=CC=CC=C4C=C3)C(=S)N
29196,Q05397,4.55,CCOCN1C=C(C2=CC=CC=C21)C3=C(C(=O)NC3)C4=CC(=C(C(=C4)OC)OC)OC
29197,Q05397,4.55,C1=CC=C2C(=C1)N=NN2CC3=NN=C(O3)SCC4=CC(=C(C=C4)Cl)Cl
29198,Q05397,4.55,CC(C)(C)OCN1C=C(C2=CC=CC=C21)C3=C(C(=O)NC3)C4=CC(=C(C(=C4)OC)OC)OC
29199,Q05397,4.57,CC(C)OCN1C=C(C2=CC=CC=C21)C3=C(C(=O)NC3)C4=CC(=C(C(=C4)OC)OC)OC
29200,Q05397,4.57,CN1C2=CC=CC=C2N=C1C3=NC(=NC=C3)NC4=CC=C(C=C4)OC
29201,Q05397,4.58,CC1=CC=C(C=C1)/C=C\C2=NC=C(N2CCOC(=O)C3=C4C(=CC=C3)OCCO4)[N+](=O)[O-]
29202,Q05397,4.61,COC1=CC=CC(=C1)/C=C\C2=NC=C(N2CCOC(=O)C3=C4C(=CC=C3)OCCO4)[N+](=O)[O-]
29203,Q05397,4.62,CN1C2=CC=CC=C2N=C1C3=NC(=NC=C3)NC4=CC=C(C=C4)N5CCOCC5
29204,Q05397,4.62,COC1=CC(=CC(=C1OC)OC)NC2=NC=NC(=N2)NC3=CC=CC=C3C(=O)NCCO
29205,Q05397,4.63,CC1=CC=CC=C1/C=C\C2=NC=C(N2CCOC(=O)C3=C4C(=CC=C3)OCCO4)[N+](=O)[O-]
29206,Q05397,4.63,C1=CC=C2C(=C1)N=NN2CC3=NN=C(O3)SCC4=CC=C(C=C4)Br
29207,Q05397,4.68,CC(=O)NC1=CC=CC=C1NC2=NC(=NC=N2)NC3=C(C=C(C=C3)OC)OC
29208,Q05397,4.69,CC1=C(C(=C(C(=C1COC)C=O)O)O)O
29209,Q05397,4.69,C1COC2=C(C=CC=C2O1)C(=O)OCCN3C(=CN=C3/C=C\C4=CC=CC=C4)[N+](=O)[O-]
29210,Q05397,4.71,C1=CC=C(C=C1)/C=C/C=N/NC(=O)CSC2=NN=C(N2C3=CC=CC=C3)C4=CC=NC=C4
29211,Q05397,4.71,CS(=O)(=O)C1=CC=CC(=C1)NC2=NC=CC(=N2)NC3=C(C=CC4=C3OCO4)Cl
29212,Q05397,4.73,C1COC2=C(C=CC=C2O1)C(=O)OCCN3C(=CN=C3/C=C\C4=CC=C(C=C4)Cl)[N+](=O)[O-]
29213,Q05397,4.74,COC1=CC2=C(C=CN=C2C=C1OC)OC3=CN=C(C=C3)NC(=O)C4=C(C=CN(C4=O)C5=CC=CC=C5)NC6=CC=CC=C6
29214,Q05397,4.75,COC1=CC(=CC(=C1OC)OC)NC2=NC=NC(=N2)NC3=CC=CC=C3C(=O)OC
29215,Q05397,4.76,C1=CC=C(C=C1)N2C(=NN=C2SCC3=C(C=C(C=C3)F)F)C4=CC=NC=C4
29216,Q05397,4.76,C1=CC=C(C=C1)N2C(=NN=C2SCC(=O)N/N=C/C3=CC=C(C=C3)F)C4=CC=NC=C4
29217,Q05397,4.77,CNC1=C(C(=O)N(C=C1)C2=CC=CC=C2)C(=O)NC3=NC=C(C=C3)OC4=C5C=C(C(=CC5=NC=C4)OC)OC
29218,Q05397,4.77,CC1=C(C=C(C=C1)O)CC[C@H]2[C@@H]3CC[C@@H]([C@]3(CC[C@@H]2O)C)[C@H](C)/C=C/CC(C)C
29219,Q05397,4.79,CC1=CC=CC(=C1)/C=C\C2=NC=C(N2CCOC(=O)C3=C4C(=CC=C3)OCCO4)[N+](=O)[O-]
29220,Q05397,4.79,CC1=C(C(=C(C2=C1C(OC2=O)OC)O)O)O
29221,Q05397,4.8,CC1=CC(=CC=C1)CSC2=NN=C(O2)CN3C4=CC=CC=C4N=N3
29222,Q05397,4.82,CC1=C2C(=CC(=C1O)O)OC3=CC(=CC(=C3C2=O)O)O
29223,Q05397,4.83,C1=CC=C(C=C1)N2C(=NN=C2SCC3=CC(=CC=C3)Br)C4=CC=NC=C4
29224,Q05397,4.85,C1=CC=C2C(=C1)N=NN2CC3=NN=C(O3)SCC4=CC(=CC=C4)Br
29225,Q05397,4.87,COC1=CC=C(C=C1)C2=NN(C(C2)C3=CC=CC4=CC=CC=C43)C(=S)N
29226,Q05397,4.88,CC1=C(C=C(C=C1)O)CC[C@H]2[C@@H]3CC[C@@H]([C@]3(CC[C@H]2O)C)[C@H](C)CCCC(C)C
29227,Q05397,4.91,C1COC2=C(C=CC=C2O1)C(=O)OCCN3C(=CN=C3/C=C\C4=CC=CC=C4Br)[N+](=O)[O-]
29228,Q05397,4.92,C1=CC=C(C=C1)N2C(=NN=C2SCC(=O)N/N=C/C3=CC=C(C=C3)Cl)C4=CC=NC=C4
29229,Q05397,4.92,CC1=CC=CC=C1CSC2=NN=C(O2)CN3C4=CC=CC=C4N=N3
29230,Q05397,4.94,CC1=CC=C(C=C1)C2=NN(C(C2)C3=CC4=CC=CC=C4C=C3)C5=CC=CC=C5
29231,Q05397,4.97,CC1=C(C=C(C=C1)O)CC[C@H]2[C@@H]3CC[C@@H]([C@]3(CCC2=O)C)[C@H](C)CCC(=C)C(C)C
29232,Q05397,4.99,C1COC2=C(C=CC=C2O1)C(=O)OCCN3C(=CN=C3/C=C\C4=CC(=CC=C4)Br)[N+](=O)[O-]
29233,Q05397,4.99,CN(C)CCNC(=O)C1=CC=CC=C1NC2=NC(=NC=N2)NC3=CC(=C(C(=C3)OC)OC)OC
29234,Q05397,4.99,COC1=CC=C(C=C1)C2=NN(C(C2)C3=CC=CC4=CC=CC=C43)C5=CC=CC=C5
29235,Q05397,5.0,CN1CCN(CC1)C2=CC(=CC=C2)NC3=NN4C=CC=C(C4=N3)NCC5=CC=C(C=C5)OC
29236,Q05397,5.0,COC1=CC=CC=C1NC2=NN3C=CC=C(C3=N2)C4=CC=C(C=C4)C(F)(F)F
29237,Q05397,5.0,CS(=O)(=O)C1=CC=C(C=C1)C2=CN3C(=NC(=N3)NC4=CC=C(C=C4)N5CCOCC5)C=C2
29238,Q05397,5.0,CS(=O)(=O)C1=CC=C(C=C1)C(=C)N2C(=NC(=N2)NC(=O)NC3=CC=C(C=C3)N4CCNCC4)C=C
29239,Q05397,5.0,C1COCCN1C2=NN3C=CC=C(C3=N2)NCC4=CC(=CC=C4)[N+](=O)[O-]
29240,Q05397,5.0,CN1CCN(CC1)C2=NN3C=CC=C(C3=N2)NCC4=CC(=CC=C4)[N+](=O)[O-]
29241,Q05397,5.0,C1CCN(C1)CCOC2=CC=C(C=C2)NC3=NN4C(=N3)C=CC=C4C5=CC=CC=C5
29242,Q05397,5.0,CC1=C(C=C(C=C1)O)CC[C@H]2[C@@H]3CC[C@@H]([C@]3(CCC2=O)C)[C@H](C)/C=C/CC(C)C
29243,Q05397,5.0,C1COCCN1CCNC2=NN3C=CC=C(C3=N2)NCC4=CN=CC=C4
29244,Q05397,5.0,CN1CCN(CC1)C2=CC=C(C=C2)NC3=NN4C=C(C=C(C4=N3)C5=CC=C(C=C5)S(=O)(=O)C)C(F)(F)F
29245,Q05397,5.0,CC1=NC=C(C=C1)NC2=NC=C3C(=N2)C(=CS3)C4=CC(=CC=C4)C(=O)NC5CC5
29246,Q05397,5.0,COCC1=CC=CC=C1C2=CC=CC3=NC(=NN32)NC4=CC5=C(CCNCC5)C=C4
29247,Q05397,5.0,C1C(N(N=C1C2=CC(=C(C=C2)Cl)Cl)C(=S)N)C3=CC4=CC=CC=C4C=C3
29248,Q05397,5.0,C1CC2=CC=CC=C2N(C1)C3=CC=CC4=NC(=NN43)N5CCCC6=CC=CC=C65
29249,Q05397,5.0,CC(=O)NC1=CC=C(C=C1)SC2=CC=CN3C2=NC(=N3)NC4=CC=C(C=C4)C5CCN(CC5)C(=O)OC(C)(C)C
29250,Q05397,5.0,CC(C)(C)OC(=O)N1CCC(CC1)C2=CC=C(C=C2)NC3=NN4C=CC=C(C4=N3)C5=CC(=CN=C5OC)C(F)(F)F
29251,Q05397,5.0,COC1=NC=C(C=C1)NC2=NN3C=CC=C(C3=N2)NCC4=CC(=CC=C4)OC
29252,Q05397,5.0,CN1CCN(CC1)C2=CC(=CC=C2)NC3=NN4C=C(C=C(C4=N3)C5=CC=C(C=C5)S(=O)(=O)C)C(F)(F)F
29253,Q05397,5.0,C1CN(CCC1N)C2=NN3C=CC=C(C3=N2)NCC4=CN=CC=C4
29254,Q05397,5.0,CN1CCC(CC1)NC(=O)C2=CC(=C(C=C2)NC3=NC=C(C(=N3)OC4=CC=CC=C4C5=CN=C(S5)OC)C(F)(F)F)OC
29255,Q05397,5.0,CS(=O)(=O)C1=CC=C(C=C1)C2=CC=CN3C2=NC(=N3)NCCC4=CC=CC=N4
29256,Q05397,5.0,COC1=CC=CC=C1NC2=NN3C=CC=C(C3=N2)C4=CC=CC=C4
29257,Q05397,5.0,CC(C)(C)OC(=O)N1CCC(CC1)C2=CC(=CC=C2)NC3=NN4C=CC=C(C4=N3)C5=C(C=CC(=C5)C(F)(F)F)OC
29258,Q05397,5.0,CNC(=O)C1=CC=CC(=C1)C2=CC=CN3C2=NC(=N3)NC4=CC=CC=C4OC
29259,Q05397,5.0,CNC(=O)C1=CC=C(C=C1)C2=CC=CN3C2=NC(=N3)NC4=CC=CC=C4OC
29260,Q05397,5.01,C1=CC=C(C(=C1)CSC2=NN=C(O2)CN3C4=CC=CC=C4N=N3)Br
29261,Q05397,5.02,C1=CC=C(C(=C1)CSC2=NN=C(O2)CN3C4=CC=CC=C4N=N3)Cl
29262,Q05397,5.02,CC1=C(C=C(C=C1)O)CC[C@H]2[C@@H]3CC[C@@H]([C@]3(CCC2=O)C)[C@H](C)CCCC(C)C
29263,Q05397,5.02,COC1=CC(=CC(=C1OC)OC)C2=C(CNC2=O)C3=CNC4=CC=CC=C43
29264,Q05397,5.04,C1=CC=C2C(=C1)N=NN2CC3=NN=C(O3)SCC4=CC=C(C=C4)F
29265,Q05397,5.04,COC1=CC(=CC(=C1OC)OC)NC2=NC=NC(=N2)NC3=CC(=CC=C3)NS(=O)(=O)C
29266,Q05397,5.04,C1=CC=C(C=C1)N2C(=NN=C2SCC(=O)N/N=C/C3=CC=C(C=C3)Br)C4=CC=NC=C4
29267,Q05397,5.04,CC1=CC=C(C=C1)N2C(=CC(=N2)C(C)(C)C)NC(=O)NC3=CC=C(C=C3)N4C=CN=C4
29268,Q05397,5.04,C1=CC=C2C(=C1)N=NN2CC3=NN=C(O3)SCC4=CC=C(C=C4)[N+](=O)[O-]
29269,Q05397,5.05,CC(=O)NC1=CC=CC=C1CC2N=C(NC3=NC=CN23)NC4=CC(=C(C(=C4)OC)OC)OC
29270,Q05397,5.05,CN(C1=C(C=CC=N1)CNC2=NC=NC3=C2C=CN3)S(=O)(=O)C
29271,Q05397,5.05,COC1=CC(=CC(=C1OC)OC)NC2=NC=C3C=CN(C3=N2)C4=CC=NC=C4
29272,Q05397,5.06,CC1=CN=C2C(=C1NCC3=C(N=CC=C3)N(C)S(=O)(=O)C)C=CN2
29273,Q05397,5.07,COC1=CC=C(C=C1)CSC2=NN=C(O2)CN3C4=CC=CC=C4N=N3
29274,Q05397,5.08,CC1=CC=C(C=C1)N2C(=CC(=N2)C(C)(C)C)NC(=O)NC3=CC=C(C=C3)N4C=NC(=C4Cl)Cl
29275,Q05397,5.08,CN1CCN(CC1)C2=NC3=CC=CC=C3C(=N2)C4=C(C(=O)NC4=O)C5=CNC6=CC=CC=C65
29276,Q05397,5.08,C1=CC=C2C(=C1)N=NN2CC3=NN=C(O3)SCC4=CC(=CC=C4)Cl
29277,Q05397,5.0950000000000015,CS(=O)(=O)C1=CC=C(C=C1)C2=CC=CN3C2=NC(=N3)NCC4=CC=CC=N4
29278,Q05397,5.0950000000000015,CS(=O)(=O)C1=CC=CC=C1NC2=CC=CN3C2=NC(=N3)NC4=CC=CC=C4S(=O)(=O)C
29279,Q05397,5.0950000000000015,CC(C)(C)OC(=O)N1CCC(CC1)C2=CC=C(C=C2)NC3=NN4C=CC=C(C4=N3)C5=C(C=CC(=C5)C(F)(F)F)OC
29280,Q05397,5.1,CC1=C(C=CC(=C1)I)NC2=NC=C3C=CN(C3=N2)C4=CC=CC=N4
29281,Q05397,5.1,C1COC2=C(C=CC=C2O1)C(=O)OCCN3C(=CN=C3/C=C\C4=CC=C(C=C4)F)[N+](=O)[O-]
29282,Q05397,5.1,COC1=CC(=CC(=C1OC)OC)NC2=NC=C3C=CN(C3=N2)CC4=CN=CC=C4
29283,Q05397,5.1,CC1=NC(=NC(=N1)NC2=CC(=C(C(=C2)OC)OC)OC)NC3=CC=CC=C3NS(=O)(=O)C
29284,Q05397,5.1,CC1=CC=C(C=C1)N2C(=CC(=N2)C(C)(C)C)NC(=O)NC3=CC=CC4=C3NC(=C4)C(=O)NC(C)C
29285,Q05397,5.11,C[C@H]1CC[C@@]2([C@H]([C@]1(C)CC3=C4C(=CC(=C3O)OC)N=C(O4)C)CCC=C2C)C
29286,Q05397,5.11,CC1=CC=C(C=C1)N2C(=CC(=N2)C(C)(C)C)NC(=O)NC3=CC=C(C=C3)N4C=C(N=C4)C
29287,Q05397,5.11,C1CC(=O)N(C1)CCOC2=NC(=NC=C2C(F)(F)F)NC3=CC=C(C=C3)C(=O)NCC4=CC=CC=C4
29288,Q05397,5.12,C1=CC=C(C(=C1)CSC2=NN=C(O2)CN3C4=CC=CC=C4N=N3)[N+](=O)[O-]
29289,Q05397,5.12,CNC(=O)C1=NC(=CC=C1)N2C=CC3=CN=C(N=C32)NC4=CC(=C(C(=C4)OC)OC)OC
29290,Q05397,5.12,CC1=C(C(=C(C2=C1COC2=O)O)O)O
29291,Q05397,5.12,COC1=CC(=CC(=C1OC)OC)NC2=NC=C3C=CN(C3=N2)CCC4=CC=NC=C4
29292,Q05397,5.12,COC1=CC=CC(=C1)CSC2=NN=C(O2)CN3C4=CC=CC=C4N=N3
29293,Q05397,5.14,CC(C)(C)C1=CC=C(C=C1)N2C=CC3=CN=C(N=C32)NC4=CC(=C(C(=C4)OC)OC)OC
29294,Q05397,5.14,C1CNC(=O)/C(=N/O)/CC2=CC(=C(C=C2)OC3=C(C(=CC(=C3)C/C(=N\O)/C(=O)N/C=C/C4=CC(=C(C=C4)OC5=C(C(=CC1=C5)Br)O)Br)Br)O)Br
29295,Q05397,5.15,COC1=CC=CC=C1CSC2=NN=C(O2)CN3C4=CC=CC=C4N=N3
29296,Q05397,5.15,C1=CC=C2C(=C1)N=NN2CC3=NN=C(O3)SCC4=CC(=CC=C4)[N+](=O)[O-]
29297,Q05397,5.15,CC1=CC=C(C=C1)N2C(=CC(=N2)C(C)(C)C)NC(=O)NC3=CC=C(C=C3)C4=CN=CC=C4
29298,Q05397,5.15,C1=CC=C(C(=C1)C(F)(F)F)NC2=NC=C3C=CN(C3=N2)C4=CC=CC=N4
29299,Q05397,5.15,C1=CC=C2C(=C1)N=NN2CC3=NN=C(O3)SCC4=CC(=CC=C4)F
29300,Q05397,5.16,CC1=C2C(=NC3=C(C=C(C=C3)[N+](=O)[O-])C(=N2)C4=CC=CC=C4Cl)NN1
29301,Q05397,5.18,C1COC2=C(C=CC=C2O1)C(=O)OCCN3C(=CN=C3/C=C\C4=CC=CC=C4Cl)[N+](=O)[O-]
29302,Q05397,5.19,COC1=CC(=CC(=C1OC)OC)NC2=NC=C3C=CN(C3=N2)C4=CC=C(C=C4)C(=O)OC
29303,Q05397,5.21,COC1=CC(=C(C=C1)NC2=NC=NC(=N2)NC3=CC=CC=C3NS(=O)(=O)C)OC
29304,Q05397,5.21,C1C(N(N=C1C2=CC(=C(C=C2)Cl)Cl)C3=CC=CC=C3)C4=CC5=CC=CC=C5C=C4
29305,Q05397,5.21,COC1=CC(=CC(=C1OC)OC)NC2=NC=NC(=N2)NC3=CC=CC=C3C(=O)NC4CC4
29306,Q05397,5.22,CCC(CC)NC(=O)C1=CC=CC=C1NC2=NC(=NC=N2)NC3=CC(=C(C(=C3)OC)OC)OC
29307,Q05397,5.24,COC1=CC(=CC(=C1OC)OC)NC2=NC=C3C=CN(C3=N2)C4=CC=CC(=C4)CC(=O)NC5CCCC5
29308,Q05397,5.255,CC1=CC(=C(C=C1)OCC(C)C)C2=CC=CN3C2=NC(=N3)NC4=CC5=C(CCNCC5)C=C4
29309,Q05397,5.26,C1=CN2C(=NC(=N2)NC3=CC=C(C=C3)C(F)(F)F)C(=C1)O
29310,Q05397,5.26,CN1CCN(CC1)C2=CC(=CC=C2)NC3=NN4C=CC=C(C4=N3)NC5=C(C=CC(=C5)C(F)(F)F)OC
29311,Q05397,5.26,CC1=C(C(=NN1C)C)NC2=NN3C=CC=C(C3=N2)C4=CC=C(C=C4)S(=O)(=O)C
29312,Q05397,5.26,CN1CCN(CC1)C2=CC(=CC=C2)NC3=NN4C=CC=C(C4=N3)NCC5=CC(=CC=C5)OC
29313,Q05397,5.26,C1CCN(C1)CCOC2=CC=C(C=C2)NC3=NN4C=CC=C(C4=N3)C5=CC=NC=C5
29314,Q05397,5.26,CN1CCN(CC1)C2=CC=C(C=C2)NC3=NN4C=CC=C(C4=N3)NCC5=CC=C(C=C5)OC
29315,Q05397,5.26,COC1=CC=CC=C1NC2=NN3C=CC=C(C3=N2)C4=CC(=CC=C4)C(F)(F)F
29316,Q05397,5.2650000000000015,CN1CCN(CC1)C2=CC=C(C=C2)NC3=NN4C=C(C=CC4=N3)C5=CC=C(C=C5)S(=O)(=O)C
29317,Q05397,5.275,CN(C)[C@@H]1CCC[C@H]1NC2=NC(=NC=C2C(F)(F)F)NC3=CC=NC=C3
29318,Q05397,5.2799999999999985,CS(=O)(=O)C1=CC=C(C=C1)C2=CC=CN3C2=NC(=N3)NCC4=CN=CC=C4
29319,Q05397,5.28,C1COC2=C(C=CC=C2O1)C(=O)OCCN3C(=CN=C3/C=C\C4=CC(=CC=C4)F)[N+](=O)[O-]
29320,Q05397,5.28,COC1=CC(=CC(=C1OC)OC)NC2=NC=NC(=N2)NC3=CC=CC=C3C(=O)NC4CCCC4
29321,Q05397,5.28,CN1C2=CC=CC=C2N=C1C3=NC(=NC=C3)NC4=CC(=CC=C4)O
29322,Q05397,5.29,CC1=CC=CN2C1=NC(=N2)NC3=CC=C(C=C3)S(=O)(=O)C
29323,Q05397,5.29,CCCCC1=CC=C(C=C1)N2C=CC3=CN=C(N=C32)NC4=CC(=C(C(=C4)OC)OC)OC
29324,Q05397,5.29,COC1=CC(=CC(=C1OC)OC)NC2=NC=NC(=N2)NC3=CC=CC=C3NS(=O)(=O)C
29325,Q05397,5.3,CC(C)CNC(=O)C1=CC(=CC=C1)N2C=CC3=CN=C(N=C32)NC4=CC(=C(C(=C4)OC)OC)OC
29326,Q05397,5.3,CC1=CC=C(C=C1)N2C(=CC(=N2)C(C)(C)C)NC(=O)NC3=CC=C(C=C3)C4=CN=C(C=C4)N
29327,Q05397,5.3,CN1CCN(CC1)C2=CC(=CC=C2)NC3=NN4C=CC=C(C4=N3)C5=CC=CC=C5S(=O)(=O)C
29328,Q05397,5.32,CC1=CC=C(C=C1)N2C(=CC(=N2)C(C)(C)C)NC(=O)NC3=NNC(=C3)C4=C(C=C(C=C4)OC)C
29329,Q05397,5.32,CN(C1=C(C=CC=N1)CNC2=C3C=C(NC3=NC=C2)C4=CC=C(C=C4)F)S(=O)(=O)C
29330,Q05397,5.335,CC(C)(C)OC(=O)N1CCC2=C(CC1)C=C(C=C2)NC3=NN4C=CC=C(C4=N3)C5=C6C(=CC=C5)OC(O6)(F)F
29331,Q05397,5.34,C[C@H]1CC[C@@]2([C@H]([C@]1(C)CC3=C(C(=CC(=C3)C(=O)OC)O)O)CCC=C2C)C
29332,Q05397,5.35,CS(=O)(=O)C1=CC=C(C=C1)C2=CC=CN3C2=NC(=N3)NCCC4=CN=CC=C4
29333,Q05397,5.35,CN(C1=C(C=CC=N1)CNC2=C3C(=NC=C2Br)N=C(N3)C4=CC=C(C=C4)F)S(=O)(=O)C
29334,Q05397,5.3566666666666665,CC1=CC(=C(C=C1)C2=CC=CN3C2=NC(=N3)NC4=CC5=C(CCNCC5)C=C4)OCC(C)C
29335,Q05397,5.3566666666666665,CN1CCN(CC1)C2=CC=C(C=C2)NC3=NN4C=CC=C(C4=N3)C5=CC=CC=C5S(=O)(=O)C
29336,Q05397,5.36,C1COC2=C(C=CC=C2O1)C(=O)OCCN3C(=CN=C3/C=C\C4=CC=CC=C4F)[N+](=O)[O-]
29337,Q05397,5.36,C1=CC=C2C(=C1)C=C3N2C4=C(C(=O)N(C4=O)CCCSC(=N)N)N5C=CC6=C5C3=CC=C6
29338,Q05397,5.37,CN1C2=C(C=C(C=C2)NC3=CC=C(C=C3)F)C4=C(S1(=O)=O)C=NN4C
29339,Q05397,5.376666666666668,CC(C)(C)OC(=O)N1CCC2=C(C1)C=CC(=C2)NC3=NN4C=CC=C(C4=N3)C5=C(C=CC(=C5)C(F)(F)F)OC
29340,Q05397,5.385,CC1=CC=C(C=C1)N2C=C(C=N2)C3=CC=CN4C3=NC(=N4)NC5=CC=C(C=C5)C6CCN(CC6)C(=O)OC(C)(C)C
29341,Q05397,5.39,COC1=CC(=CC(=C1OC)OC)NC2=NC=C3C=CN(C3=N2)C4=CC=CC=C4[N+](=O)[O-]
29342,Q05397,5.39,COC1=CC(=CC(=C1OC)OC)NC2=NC=C3C=CN(C3=N2)C4=CC=CC(=C4)C(=O)NC5CCCC5
29343,Q05397,5.3900000000000015,CN1CCN(CC1)C2=CC(=CC=C2)NC3=NN4C=CC=C(C4=N3)OC5=CC=C(C=C5)S(=O)(=O)C
29344,Q05397,5.3966666666666665,CNS(=O)(=O)C1=CC=C(C=C1)NC2=NC=C(C(=N2)N[C@@H]3CCC[C@H]3N(C)C)C(F)(F)F
29345,Q05397,5.4,COC1=C(C=C2C(=C1)C(=NC=N2)NC3=NC=C(S3)CC(=O)NC4=CC(=CC=C4)F)OCCCN5CCC(CC5)CO
29346,Q05397,5.4049999999999985,CN1CCN(CC1)C2=CC=C(C=C2)NC(=O)NC3=NN4C(=N3)C=CC=C4C5=CC=C(C=C5)S(=O)(=O)C
29347,Q05397,5.405,CN(C)[C@@H]1CCC[C@H]1NC2=NC(=NC=C2C(F)(F)F)NC3=CC=CC(=C3)C(=O)N(C)C
29348,Q05397,5.415,CC(C)(C)OC(=O)N1CCC(CC1)C2=CC=C(C=C2)NC3=NN4C=CC=C(C4=N3)C5=CN=C(C=N5)OC
29349,Q05397,5.42,CN1CCN(CC1)C2=CC(=CC=C2)NC3=NN4C=CC=C(C4=N3)NCC5=CC=C(C=C5)F
29350,Q05397,5.4350000000000005,CN1CCN(CC1)C2=CC=C(C=C2)NC3=NN4C=CC=C(C4=N3)NCC5=CC(=CC=C5)OC
29351,Q05397,5.44,COC1=CC=CC=C1NC2=NN3C=CC=C(C3=N2)C4=CC=C(C=C4)S(=O)(=O)C
29352,Q05397,5.456666666666666,CC(C)(C)OC(=O)N1CCC(CC1)C2=CC=C(C=C2)NC3=NN4C=CC=C(C4=N3)C5=C(C=C(C=C5)C(F)F)OC
29353,Q05397,5.46,CCCNS(=O)(=O)C1=CC=CC=C1N2C=CC3=CN=C(N=C32)NC4=CC(=C(C(=C4)OC)OC)OC
29354,Q05397,5.46,CN1C2=C(C=C(C=C2)C3=CC=C(C=C3)C(=O)N)C4=C(S1(=O)=O)C=NN4
29355,Q05397,5.46,COC1=CC=CC=C1NC2=NN3C(=N2)C=CC=C3C4=CC(=CC=C4)S(=O)(=O)C
29356,Q05397,5.46,C1=CC(=C(C=C1CCNC(=O)/C(=N/O)/CC2=CC(=C(C(=C2)Br)O)OC3=C(C=C(C=C3)CCNC(=O)/C(=N/O)/CC4=CC(=C(C(=C4)C5=CC(=CC(=C5O)Br)C/C(=N\O)/C(=O)NCCC6=CC(=C(C=C6)O)Br)O)Br)Br)Br)O
29357,Q05397,5.47,C1COC2=C(C=CC=C2O1)C(=O)OCCN3C(=CN=C3/C=C\C4=CC(=CC=C4)Cl)[N+](=O)[O-]
29358,Q05397,5.47,CN1C2=CC=CC=C2N=C1C3=NC(=NC=C3)NC4=CC(=C(C=C4)OC)O
29359,Q05397,5.4766666666666675,CS(=O)(=O)C1=CC=C(C=C1)OC2=CC=CN3C2=NC(=N3)NC4=CN(N=C4)CCN5CCCC5
29360,Q05397,5.48,CCN(CC)C(=O)C1=CC=C(C=C1)NC2=NC=C(C(=N2)N[C@@H]3CCC[C@H]3N(C)C)C(F)(F)F
29361,Q05397,5.48,CCCNC(=O)C1=CC=C(C=C1)NC2=NC=C(C(=N2)OCCCNC(=O)C(F)(F)F)C(F)(F)F
29362,Q05397,5.48,CC(C)(C)OC(=O)N1CCC(CC1)C2=CC=C(C=C2)NC3=NN4C=CC=C(C4=N3)C5=CN(N=C5)C6=CC=C(C=C6)F
29363,Q05397,5.4833333333333325,CC(C)COC1=CC=CC=C1C2=CC=CN3C2=NC(=N3)NC4=CC5=C(CCNCC5)C=C4
29364,Q05397,5.486666666666666,CCN1C=C(C=N1)NC2=NN3C=CC=C(C3=N2)OC4=CC=C(C=C4)S(=O)(=O)C
29365,Q05397,5.49,COC1=CC(=CC(=C1OC)OC)NC2=NC=C3C=CN(C3=N2)C4=CC=C(C=C4)[N+](=O)[O-]
29366,Q05397,5.49,CN1CC2=C(S1(=O)=O)C=CC(=C2)NC3=NC=C(C(=N3)N[C@@H]4CCC[C@H]4N(C)C)C(F)(F)F
29367,Q05397,5.493333333333332,CN1CCN(CC1)C2=CC(=CC=C2)NC3=NN4C=CC=C(C4=N3)NC5=CC(=CC=C5)S(=O)(=O)C
29368,Q05397,5.495,CC1=NC=C(C=C1)NC2=NN3C=CC=C(C3=N2)NCC4=CC(=CC=C4)OC
29369,Q05397,5.5,CN1CCN(CC1)C2=CC(=CN=C2)NC3=NN4C(=CN=CC4=N3)C5=CC=C(C=C5)S(=O)(=O)C
29370,Q05397,5.5,COC1=CC=CC(=C1)CNC2=CC=CN3C2=NC(=N3)NC4=CC=NC=C4
29371,Q05397,5.506666666666666,COC1=CC=C(C=C1)NC2=NN3C=CC=C(C3=N2)NC4=CC=C(C=C4)S(=O)(=O)C
29372,Q05397,5.51,C1=C2C3=C(C(=C1O)O)OC(=O)C4=CC(=C(C(=C43)OC2=O)O)O
29373,Q05397,5.52,CC1=C(C=C(C=C1)I)NC2=NC=C3C=CN(C3=N2)C4=CC=CC=N4
29374,Q05397,5.52,C1=CC=C(C=C1)CNC(=O)C2=CC=C(C=C2)NC3=NC=C(C(=N3)OCCCNC(=O)C(F)(F)F)C(F)(F)F
29375,Q05397,5.52,CC(C)COC1=C(C=C(C=C1)C(F)(F)F)C2=CC=CN3C2=NC(=N3)NC4=CC5=C(CCN(CC5)CC(=O)N(C)C)C=C4
29376,Q05397,5.526666666666666,CCOC1=CC=CC=C1C2=CC=CN3C2=NC(=N3)NC4=CC5=C(CCN(CC5)C(=O)OC(C)(C)C)C=C4
29377,Q05397,5.5299999999999985,CN1CCN(CC1)C2=CC(=CC=C2)NC3=NN4C=CC=C(C4=N3)NCC5=CC(=CC=C5)S(=O)(=O)C
29378,Q05397,5.545,COC1=CC=CC(=C1)CNC2=CC=CN3C2=NC(=N3)NC4=CN=CC=C4
29379,Q05397,5.55,COC1=CC(=CC(=C1OC)OC)NC2=NC=C3C=CN(C3=N2)C4=CC=CC=C4C(=O)O
29380,Q05397,5.55,COC1=CC(=CC(=C1OC)OC)NC2=NC=C3C=CN(C3=N2)C4=CC=C(C=C4)C(=O)O
29381,Q05397,5.55,CC1=CC=CC=C1N2C=CC3=CN=C(N=C32)NC4=CC(=C(C(=C4)OC)OC)OC
29382,Q05397,5.552142857142856,CCC1=CC=C(C=C1)C2=CC3=C(C=C2)N(S(=O)(=O)C4=C3NN=C4)C
29383,Q05397,5.5566666666666675,CC(C)OC1=C(C=C(C=C1)C(F)(F)F)C2=CC=CN3C2=NC(=N3)NC4=CC5=C(CCN(CC5)CC(=O)N(C)C)C=C4
29384,Q05397,5.563333333333333,CC(C)(C)OC(=O)N1CCC(CC1)C2=CC=C(C=C2)NC3=NN4C=CC=C(C4=N3)C5=C(N=CC=C5)OC
29385,Q05397,5.57,CNS(=O)(=O)C1=CC=CC(=C1)N2C=CC3=CN=C(N=C32)NC4=CC(=C(C(=C4)OC)OC)OC
29386,Q05397,5.585000000000001,CN1CCN(CC1)C2=CN=CC(=N2)NC3=NN4C=CC=C(C4=N3)NCC5=CC=CC=C5N(C)S(=O)(=O)C
29387,Q05397,5.59,CN1C=CC2=C1C(=NC=N2)OC3=CC(=C(C=C3)NC(=O)NC4=CC=CC(=C4)C(F)(F)F)F
29388,Q05397,5.596666666666667,CC(C)(C)OC(=O)N1CCC2=C(CC1)C=C(C=C2)NC3=NN4C(=N3)C=CC=C4C5=CC=CC=C5COC
29389,Q05397,5.596666666666667,C1CCN(C1)CCOC2=CC=C(C=C2)NC3=NN4C=CC=C(C4=N3)NCC5=CN=CC=C5
29390,Q05397,5.605,CN1C2=C(C=C(C=C2)NCC3=CC=C(C=C3)F)C4=C(S1(=O)=O)C=NN4C
29391,Q05397,5.6099999999999985,CS(=O)(=O)C1=CC(=C(C=C1)OCC(F)F)C2=CC=CN3C2=NC(=N3)NC4=CC5=C(CCNCC5)C=C4
29392,Q05397,5.615,CC1=NC=CC(=C1)NC2=NN3C=CC=C(C3=N2)NCC4=CC(=CC=C4)OC
29393,Q05397,5.615,CC(C)(C)OC(=O)N1CCC2=C(CC1)C=C(C=C2)NC3=NN4C=CC=C(C4=N3)C5=C(C=CC(=C5)C(F)(F)F)F
29394,Q05397,5.616249999999999,CCC1=CC=C(C=C1)C2=CC3=C(C=C2)N(S(=O)(=O)C4=C3N(N=C4)CC)C
29395,Q05397,5.62,CN1C2=C(C=C(C=C2)NC(=O)C3=CC=C(C=C3)F)C4=C(S1(=O)=O)C=NN4C
29396,Q05397,5.62,CN(C1=C(C=CC=N1)CNC2=C3C=CNC3=NC=C2C#N)S(=O)(=O)C
29397,Q05397,5.625,CN1CCN(CC1)C2=CC=C(C=C2)NC3=NN4C=CC=C(C4=N3)O
29398,Q05397,5.626666666666668,CN1CCN(CC1)C2=CC=C(C=C2)NC3=NN4C=CC=C(C4=N3)NCC5=CN=CC=C5
29399,Q05397,5.633333333333333,CN1CCN(CC1)C2=CC(=CC=C2)NC3=NN4C=CC=C(C4=N3)NCC5=CN=CC=C5
29400,Q05397,5.64,CS(=O)(=O)NC1=CC=CC=C1NC2=NC=NC(=N2)NC3=CC=C(C=C3)CN
29401,Q05397,5.65,CN(C)C(=O)CN1CCC2=C(CC1)C=C(C=C2)NC3=NN4C=CC=C(C4=N3)C5=C(C=CC(=C5)S(=O)(=O)C)OCC(F)F
29402,Q05397,5.66,CC(C)NC(=O)C1=CC=CC=C1NC2=NC(=NC=N2)NC3=CC(=C(C(=C3)OC)OC)OC
29403,Q05397,5.66,CC1=CN=C(N=C1NCC2=CC=CC=N2)NC3=CC4=C(C=C3)NC(=O)C4
29404,Q05397,5.666666666666668,CC(C)(C)C1=CC=C(C=C1)CNC2=CC3=C(C=C2)N(S(=O)(=O)C4=C3N(N=C4)C)C
29405,Q05397,5.67,CN1CCN(CC1)C2=CC=C(C=C2)NC3=NN4C=CC=C(C4=N3)NC5=CC(=CC=C5)S(=O)(=O)C
29406,Q05397,5.68,CN1CCN(CC1)C2=CC=CN3C2=NC(=N3)NC4=CC=C(C=C4)OC
29407,Q05397,5.68,CN(C)[C@@H]1CCC[C@H]1NC2=NC(=NC=C2C(F)(F)F)NC3=CC=C(C=C3)S(=O)(=O)NC4CC4
29408,Q05397,5.68,C1=CC(=C(C=C1CCNC(=O)/C(=N\O)/CC2=CC(=C(C(=C2)C3=CC(=CC(=C3O)Br)C/C(=N/O)/C(=O)NCCC4=CC(=C(C=C4)O)Br)O)Br)Br)O
29409,Q05397,5.683333333333334,COC1=C(C=CC=N1)C2=CC=CN3C2=NC(=N3)NC4=CC=C(C=C4)C5CCNCC5
29410,Q05397,5.6866666666666665,CC(C)(C)OC(=O)N1CCC(CC1)C2=CC=C(C=C2)NC3=NN4C=CC=C(C4=N3)C5=C(C(=CC=C5)OC)F
29411,Q05397,5.69,COC1=C(N=CC=C1)C2=CC=C3N2N=C(N=C3)NC4=CC=C(C=C4)C5CCN(CC5)CC(=O)N
29412,Q05397,5.699999999999998,CN1CCN(CC1)C2=CC=C(C=C2)NC3=NN4C=CC=C(C4=N3)NCC5=CC(=CC=C5)S(=O)(=O)C
29413,Q05397,5.7,CC1=CC=C(C=C1)N2C(=CC(=N2)C(C)(C)C)NC(=O)NC3=CC=C(C4=CC=CC=C43)OCCN5CCOCC5
29414,Q05397,5.7,CN1C2=C(C=C(C=C2)CNC3=CC=C(C=C3)F)C4=C(S1(=O)=O)C=NN4C
29415,Q05397,5.7,CSC1=CC=CC(=C1)NC2=NC=C3C=CN(C3=N2)C4=CC=CC=N4
29416,Q05397,5.715,COC1=CC=C(C=C1)NC2=NN3C=CC=C(C3=N2)NC4CCN(CC4)S(=O)(=O)C
29417,Q05397,5.72,CCC(CC)NC(=O)C1=CC=CC=C1NC2=NC=NC(=N2)NC3=CC=C(C=C3)CN
29418,Q05397,5.7200000000000015,COC1=CC=C(C=C1)NC2=NN3C=CC=C(C3=N2)N4CCS(=O)(=O)CC4
29419,Q05397,5.7200000000000015,CC(C)(C)OC(=O)N1CCC(CC1)C2=CC=C(C=C2)NC3=NN4C=CC=C(C4=N3)C5=CC=C(C=C5)F
29420,Q05397,5.74,COCCNC1=C(C(=O)N(C=C1)C2=CC=CC=C2)C(=O)NC3=NC=C(C=C3)OC4=C5C=C(C(=CC5=NC=C4)OC)OC
29421,Q05397,5.74,CNC(=O)CC1=CC(=CC=C1)N2C=CC3=CN=C(N=C32)NC4=CC(=C(C(=C4)OC)OC)OC
29422,Q05397,5.74,COC1=CC2=C(C=CN=C2C=C1OC)OC3=CN=C(C=C3)NC(=O)C4=CC(=CN(C4=O)C5=CC=CC=C5)CC6=CC=CC=C6
29423,Q05397,5.74,C1=CC=C(C=C1)NC2=NN3C=CC=CC3=N2
29424,Q05397,5.744999999999999,CC(C)COC1=C(C=C(C=C1)C(F)(F)F)C2=CC=CN3C2=NC(=N3)NC4=CC5=C(CCNCC5)C=C4
29425,Q05397,5.76,C1COC2=C(C=CC=C2O1)C(=O)OCCN3C(=CN=C3/C=C\C4=CC=C(C=C4)Br)[N+](=O)[O-]
29426,Q05397,5.76,CS(=O)(=O)NC1=CC=CC=C1NC2=NC3=NC=CN3C(=N2)NC4=CC=C(C=C4)C#N
29427,Q05397,5.77,CCCS(=O)(=O)NC1=C(C(=C(C=C1)F)C(=O)C2=CNC3=NC=C(C=C23)Cl)F
29428,Q05397,5.7733333333333325,CN1CCN(CC1)C2=CC=C(C=C2)NC(=O)NC3=NN4C(=N3)C=CC=C4C5=CC(=CC=C5)S(=O)(=O)C
29429,Q05397,5.786666666666666,CN1CCN(CC1)C2=CC(=CC=C2)NC3=NN4C=CC=C(C4=N3)NC5=CC=CC=C5CN(C)S(=O)(=O)C
29430,Q05397,5.8,CCN(CC)CCNC(=O)C1=C(NC(=C1C)/C=C\2/C3=C(C=CC(=C3)F)NC2=O)C
29431,Q05397,5.816666666666666,CC(C)(C)OC(=O)N1CCC(CC1)C2=CC=C(C=C2)NC3=NN4C=CC=C(C4=N3)C5=C(C(=CC=C5)OC)OC
29432,Q05397,5.82,CCC1=CC=C(C=C1)N2C=CC3=CN=C(N=C32)NC4=CC(=C(C(=C4)OC)OC)OC
29433,Q05397,5.82,COC1=CC(=CC(=C1OC)OC)NC2=NC=C3C=CN(C3=N2)C4=CC=C(C=C4)C(F)(F)F
29434,Q05397,5.82,COC1=CC(=CC(=C1OC)OC)NC2=NC=C3C=CN(C3=N2)C4=CC=CC(=C4)C(=O)OC
29435,Q05397,5.82,CNC(=O)C1=CC=CC=C1NC2=NC(=NC=N2)NC3=C(C=C(C=C3)OC)OC
29436,Q05397,5.82,C1=CC=C(C(=C1)NC2=NC=C3C=CN(C3=N2)C4=CC=CC=N4)Br
29437,Q05397,5.833333333333332,CC(C)(C)OC(=O)N1CCC(C1)CNC2=CC=CN3C2=NC(=N3)NC4=CC=C(C=C4)N5CCN(CC5)C
29438,Q05397,5.84,CN1CCC(CC1)C2=CC(=CC=C2)NC3=NN4C=CC=C(C4=N3)C5=CC=CC=C5N(C)S(=O)(=O)C
29439,Q05397,5.84,CN1CCN(CC1)C2=CC=C(C=C2)NC3=NN4C=CC=C(C4=N3)NCC5=CC(=CC=C5)N(C)S(=O)(=O)C
29440,Q05397,5.84,CN(C)C(=O)CN1CCC2=C(CC1)C=C(C=C2)NC3=NN4C=CC=C(C4=N3)C5=C(C=CC(=C5)C(F)F)OCC(F)F
29441,Q05397,5.85,CN1C2=C(C=C(C=C2)NCC3=CC=C(C=C3)Br)C4=C(S1(=O)=O)C=NN4C
29442,Q05397,5.855,CC(C)(C)OC(=O)N1CCC(CC1)C2=CC=C(C=C2)NC3=NN4C=CC=C(C4=N3)C5=CC(=CC=C5)N(C)C
29443,Q05397,5.8599999999999985,CN1CCN(CC1)C2=CC(=CC=C2)NC3=NN4C(=CN=CC4=N3)C5=CC=C(C=C5)S(=O)(=O)C
29444,Q05397,5.863333333333332,COC1=C(C=CC=N1)C2=CC=CN3C2=NC(=N3)NC4=CC5=C(C=C4)N=CC=C5
29445,Q05397,5.863333333333332,CN(C)C(=O)CN1CCC(CC1)C2=CC=C(C=C2)NC3=NN4C=CC=C(C4=N3)C5=C(C=CC(=C5)C(F)(F)F)OCC(F)F
29446,Q05397,5.88,COC1=CC(=CC(=C1OC)OC)NC2=NC=C3C=CN(C3=N2)C4=CC=CC(=C4)CC(=O)NCCCN
29447,Q05397,5.886666666666666,CN1CCN(CC1)C2=NC=C(C=C2)NC3=NN4C=C(C=C(C4=N3)C5=CC=C(C=C5)S(=O)(=O)C)C(F)(F)F
29448,Q05397,5.886666666666668,C1CNCCC2=C1C=CC(=C2)NC3=NN4C=CC=C(C4=N3)C5=C(C=CC(=C5)C(F)F)OCC(F)F
29449,Q05397,5.89,CN(C)[C@@H]1CCC[C@H]1NC2=NC(=NC=C2C(F)(F)F)NC3=CC=C(C=C3)S(=O)(=O)C
29450,Q05397,5.89,COC1=CC2=C(C=CN=C2C=C1OC)OC3=CN=C(C=C3)NC(=O)C4=C(C=CN(C4=O)C5=CC=CC=C5)NC6CCOCC6
29451,Q05397,5.8900000000000015,CP(=O)(C)C1=CC=C(C=C1)C2=CC=CN3C2=NC(=N3)NC4=CC=CC(=C4)C5CCN(CC5)CCS(=O)(=O)C
29452,Q05397,5.91,CC(C)(C)OC(=O)N1CCC(CC1)C2=CC=C(C=C2)NC3=NN4C=CC=C(C4=N3)C5=CC=C(C=C5)C#N
29453,Q05397,5.92,C1=CC=C(C(=C1)CSC2=NN=C(O2)CN3C4=CC=CC=C4N=N3)F
29454,Q05397,5.92,C1=CC=C(C(=C1)C2=NC3=CNNC3=NC4=C2C=C(C=C4)C#N)F
29455,Q05397,5.92,C1=CC=C(C(=C1)NC2=NC=C3C=CN(C3=N2)C4=CC=CC=N4)F
29456,Q05397,5.92,C1=CC(=C(C=C1C2=C(C(=O)C3=C(C=C(C=C3O2)O)O)O)O)O
29457,Q05397,5.92,COC1=CC(=CC(=C1OC)OC)NC2=NC(=NC3=NC=CN32)NC4=CC=CC(=C4)C(=O)OC
29458,Q05397,5.925000000000002,CC1=NC=CC(=C1)C2=CC3=C(C(=CN=C3N2)C#N)NCC4=C(N=CC=C4)N(C)S(=O)(=O)C
29459,Q05397,5.926666666666666,CN(C)C(=O)CN1CCC(CC1)C2=CC=C(C=C2)NC3=NN4C=CC=C(C4=N3)C5=CC(=CN=C5OC)C(F)(F)F
29460,Q05397,5.93,CCOC1=C(C=C(C=C1)C(F)(F)F)C2=CC=CN3C2=NC(=N3)NC4=CC5=C(CCN(CC5)CCS(=O)(=O)C)C=C4
29461,Q05397,5.93,CC(C)(C)OC(=O)N1CCC(CC1)C2=CC=C(C=C2)NC3=NN4C=CC=C(C4=N3)C5=C(C=C(C=C5)OC)F
29462,Q05397,5.95,CNC(=O)C1=CC=CC=C1NC2=NC3=NC=CN3C(=N2)NC4=CC=C(C=C4)C#N
29463,Q05397,5.973333333333333,CN1CCN(CC1)C2=CC(=C(C=C2)NC3=NN4C=CC=C(C4=N3)NCC5=C(N=CC=C5)N(C)S(=O)(=O)C)OC
29464,Q05397,5.973333333333333,CCOC1=CC=CC=C1C2=CC=CN3C2=NC(=N3)NC4=CC5=C(CCN(CC5)CC(=O)N(C)C)C=C4
29465,Q05397,5.98,COC(=O)C1=CC=CC=C1NC2=NC3=NC=CN3C(=N2)NC4=CC=C(C=C4)CNC(=O)OC=C
29466,Q05397,5.9849999999999985,CS(=O)(=O)C1=CC=C(C=C1)C2=CC=CN3C2=NC(=N3)NC4=CC=C(C=C4)OS(=O)(=O)C(C(C(C(F)(F)F)(F)F)(F)F)(F)F
29467,Q05397,6.0,C1COC2=C(C=CC=C2O1)C(=O)OCCN3C(=CN=C3/C=C\C4=CC=CC5=CC=CC=C54)[N+](=O)[O-]
29468,Q05397,6.0,CSC1=CC=CC=C1NC2=NC=C3C=CN(C3=N2)C4=CC=CC=N4
29469,Q05397,6.0,CN1C2=C(C=C(C=C2)C3=CC=C(C=C3)C(=O)NCCO)C4=C(S1(=O)=O)C=NN4
29470,Q05397,6.0,CC(C)NC(=O)C1=CC=CC=C1NC2=NC=NC(=N2)NC3=CC=C(C=C3)CN
29471,Q05397,6.0,CS(=O)(=O)NC1=CC=CC(=C1)C2=CSC3=CN=C(N=C32)NC4=CN=C(C=C4)N5CCOCC5
29472,Q05397,6.0,CC1=NC=C(C=C1)NC2=NC=C3C(=N2)C(=CS3)C4=CC(=CC=C4)NS(=O)(=O)C
29473,Q05397,6.003333333333334,C1=CC2=C(C=CC(=C2)NC3=NN4C=CC=C(C4=N3)C5=CC=CNC5=O)N=C1
29474,Q05397,6.01,CP(=O)(C)C1=CC=C(C=C1)C2=CC=CN3C2=NC(=N3)N(CCS(=O)(=O)C)C4=CC=CC(=C4)C5CCN(CC5)CCS(=O)(=O)C
29475,Q05397,6.01,CN(C)CCCCNC(=O)C1=CC(=CC=C1)N2C=CC3=CN=C(N=C32)NC4=CC(=C(C(=C4)OC)OC)OC
29476,Q05397,6.02,C1=CC=C2C(=C1)C(=O)N([Se]2)CCCC(=O)N[C@H]3[C@@H]([C@H]([C@@H]([C@H](O3)CO)O)O)O
29477,Q05397,6.03,CCCOC1=C(C=C(C=C1)Cl)C2=CC=CN3C2=NC(=N3)NC4=CC5=C(CCNCC5)C=C4
29478,Q05397,6.039999999999999,CN1CCC(CC1)C2=CC=C(C=C2)NC3=NN4C=CC=C(C4=N3)NC5=CC=CC=C5CN(C)S(=O)(=O)C
29479,Q05397,6.039999999999999,COC1=NC=C(C=C1C2=CC=CN3C2=NC(=N3)NC4=CC=C(C=C4)C5CCNCC5)C(F)(F)F
29480,Q05397,6.04,CS(=O)(=O)NC1=CC=CC=C1NC2=NC(=NC3=NC=CN32)NC4=CC=C(C=C4)C#N
29481,Q05397,6.04,CC1=CN=C2C(=C1NCC3=C(N=CC=C3)N(C)S(=O)(=O)C)C=C(N2)C4=CC=C(C=C4)F
29482,Q05397,6.04,CC(=O)OC[C@@H]1[C@H]([C@@H]([C@H]([C@@H](O1)NC(=O)CCCN2C(=O)C3=CC=CC=C3[Se]2)OC(=O)C)OC(=O)C)OC(=O)C
29483,Q05397,6.043333333333332,C1CNCCC2=C1C=CC(=C2)NC3=NN4C=CC=C(C4=N3)C5=C(C=CC(=C5)C(F)(F)F)OCC(F)F
29484,Q05397,6.046666666666668,CN1CCN(CC1)C2=CC(=CC=C2)N(C3=CC=CC(=C3)N4CCN(CC4)C)C5=NN6C=C(C=C(C6=N5)C7=CC=C(C=C7)S(=O)(=O)C)F
29485,Q05397,6.05,COC1=CC(=CC(=C1OC)OC)NC2=NC=C3C=CN(C3=N2)C4=CC=CC(=C4)C(=O)NCCCO
29486,Q05397,6.05,CCC1=CC=CC=C1NC2=NC=C3C=CN(C3=N2)C4=CC=CC=N4
29487,Q05397,6.06,CN(C)[C@@H]1CCC[C@H]1NC2=NC(=NC=C2C(F)(F)F)NC3=CC4=C(C=C3)C(=O)NCCC4
29488,Q05397,6.06,CNC(=O)C1=CC=CC=C1NC2=NC3=NC=CN3C(=N2)NC4=CC=C(C=C4)CNC(=O)OC=C
29489,Q05397,6.06,COC1=CC(=CC(=C1OC)OC)NC2=NC3=NC=CN3C(=N2)NC4=CC=CC(=C4)C(=O)OC
29490,Q05397,6.08,COC1=CC(=CC(=C1OC)OC)NC2=NC(=NC3=NC=CN32)CC4=CC=CC=C4NS(=O)(=O)C
29491,Q05397,6.08,COC1=C(C=C(C=C1)C(F)(F)F)C2=CC=CN3C2=NC(=N3)NC4=CC=C(C=C4)OCCN5CCOCC5
29492,Q05397,6.08,CCOC1=C(C=C(C=C1)C(F)(F)F)C2=CC=CN3C2=NC(=N3)NC4=CC5=C(CCN(CC5)CC(=O)N(C)C)C=C4
29493,Q05397,6.08,COC1=CC(=CC(=C1OC)OC)NC2=NC=C3C=CN(C3=N2)C4=CC=C(C=C4)SC
29494,Q05397,6.086666666666666,CN1CCN(CC1)C2=CC(=CC=C2)NC3=NN4C=CC=C(C4=N3)OCC5=CC=CC=C5C(=O)N
29495,Q05397,6.089999999999999,CN1CCN(CC1)C2=CC(=CC=C2)NC3=NN4C=CC=C(C4=N3)C5=C(C=CC(=C5)C(F)(F)F)OC
29496,Q05397,6.09,CN(C)[C@@H]1CCC[C@H]1NC2=NC(=NC=C2C(F)(F)F)NC3=CC4=C(C=C3)NC(=O)C4
29497,Q05397,6.09,CN(C)C(=O)CN1CCC2=C(CC1)C=C(C=C2)NC3=NN4C=CC=C(C4=N3)C5=C(C=CC(=C5)F)OCC(F)F
29498,Q05397,6.093333333333333,CN(C)C(=O)CN1CCC2=C(CC1)C=C(C=C2)NC3=NN4C=CC=C(C4=N3)C5=CC=CC=C5OCC(F)F
29499,Q05397,6.093333333333334,CN(C)C(=O)CN1CCC2=C(CC1)C=C(C=C2)NC3=NN4C=CC=C(C4=N3)C5=C(C=CC(=C5)C(F)(F)F)OCC(F)F
29500,Q05397,6.1,COC1=CC(=CC(=C1OC)OC)C2=C(C(=O)NC2=O)C3=CNC4=CC=CC=C43
29501,Q05397,6.1,CC1=C(C(=C2C(=C1C=O)C=C(O2)C3=C(C(=C(C(=C3C)O)O)O)C=O)O)O
29502,Q05397,6.1,COC1=CC(=CC(=C1OC)OC)NC2=NC=C3C=CN(C3=N2)C4=C(C=CN=C4)F
29503,Q05397,6.1,COC1=CC(=CC(=C1OC)OC)NC2=NC=C3C=CN(C3=N2)C4=NC(=NC=C4)Cl
29504,Q05397,6.1,COC1=CC(=CC(=C1OC)OC)NC2=NC=C3C=CN(C3=N2)C4=CC(=NC=C4)Cl
29505,Q05397,6.123333333333332,CN(C)C(=O)CN1CCC(CC1)C2=CC=C(C=C2)NC3=NN4C=CC=C(C4=N3)C5=C(N=CC=C5)OC
29506,Q05397,6.14,COC1=CC(=CC(=C1OC)OC)NC2=NC=C3C=CN(C3=N2)C4=CC=CC=C4CO
29507,Q05397,6.14,COC1=CC(=CC(=C1OC)OC)NC2=NC=C3C=CN(C3=N2)C4=CC=CC(=C4)CC(=O)NCCN
29508,Q05397,6.15,CNC(=O)C1=CC=CC=C1NC2=NC(=NC3=NC=CN32)NC4=CC=C(C=C4)C#N
29509,Q05397,6.15,CC1=CC(=CC=C1)NC2=NC=C3C=CN(C3=N2)C4=CC=CC=N4
29510,Q05397,6.15,COC1=CC=CC=C1NC2=NC=C3C=CN(C3=N2)C4=CC=CC=N4
29511,Q05397,6.15,C1=CC=C(C(=C1)NC2=NC=C3C=CN(C3=N2)C4=CC=CC=N4)Cl
29512,Q05397,6.15,CN(C1=C(C=CC=N1)CNC2=C3C(=NC=C2C(F)(F)F)N=C(N3)C4=CC=C(C=C4)Br)S(=O)(=O)C
29513,Q05397,6.156666666666666,CN(CC1=CC=CC=C1NC2=CC=CN3C2=NC(=N3)NC4=CC=C(C=C4)OCCN5CCCC5)S(=O)(=O)C
29514,Q05397,6.166666666666666,CN1CCN(C(=O)C1)C2=CC(=CC=C2)NC3=NN4C=CC=C(C4=N3)C5=CC=C(C=C5)P(=O)(C)C
29515,Q05397,6.19,CC(C1=CC=CC=C1N(C)S(=O)(=O)C)NC2=CC=CN3C2=NC(=N3)NC4=CC=C(C=C4)N5CCN(CC5)C
29516,Q05397,6.19,COC1=C(C=C(C=C1)NC2=NC=C3CC(=O)NC4=CC=CC=C4C3=N2)O
29517,Q05397,6.19,C1COCCN1C2=CC=C(C=C2)C3=CC4=C(C(=CN=C4N3)C(F)(F)F)NC5=CC(=CC(=C5)F)F
29518,Q05397,6.1933333333333325,CN1CCN(CC1)C2=CC(=CC=C2)NC3=NN4C=CC=C(C4=N3)OCC5=CC(=CC=C5)Cl
29519,Q05397,6.2,CN(C)CCNC(=O)C1=NC(=CC=C1)N2C=CC3=CN=C(N=C32)NC4=CC(=C(C(=C4)OC)OC)OC
29520,Q05397,6.2,COC1=CC(=CC(=C1OC)OC)NC2=NC=C3C=CN(C3=N2)C4=CC=CC(=C4)CC(=O)NCC(=O)OC
29521,Q05397,6.2,CN(C)C(=O)N1CCC2=C(CC1)C=C(C=C2)NC3=NN4C=CC=C(C4=N3)C5=C(C=CC(=C5)Cl)OCC(F)F
29522,Q05397,6.21,CN(C)[C@@H]1CCC[C@H]1NC2=NC(=NC=C2C(F)(F)F)NC3=CC4=C(C=C3)S(=O)(=O)CC4
29523,Q05397,6.22,COC1=CC=CC(=C1)NC2=NC=C3C=CN(C3=N2)C4=CC=CC=N4
29524,Q05397,6.22,CC1=CC=C(C=C1)N2C(=CC(=N2)C(C)(C)C)NC(=O)NC3=NNC(=C3)C4=CC5=C(C=C4)N=CC=C5
29525,Q05397,6.22,CC1=C(C=C(C=C1)C2=NC3=CC=CC=C3N=C2)NC4=NC=C5C=CN(C5=N4)C6=CC=CC=N6
29526,Q05397,6.225,COC1=CC=CC=C1CNC2=CC=CN3C2=NC(=N3)NC4=CC=NC=C4
29527,Q05397,6.229999999999999,COC1=C(C=C(C=C1)C(F)(F)F)C2=CC=CN3C2=NC(=N3)NC4=CC=C(C=C4)OCCN5CCCC5
29528,Q05397,6.23,C1CNCCC2=C1C=CC(=C2)NC3=NN4C=CC=C(C4=N3)C5=CC=CC=C5OCC(F)F
29529,Q05397,6.23,CCCOC1=C(C=C(C=C1)Cl)C2=CC=CN3C2=NC(=N3)NC4=CC5=C(CCN(CC5)CC(=O)N(C)C)C=C4
29530,Q05397,6.23,CCOC1=C(C=C(C=C1)C(F)(F)F)C2=CC=CN3C2=NC(=N3)NC4=CC5=C(CCNCC5)C=C4
29531,Q05397,6.24,COC1=CC(=CC(=C1OC)OC)NC2=NC(=NC3=NC=CN32)NC4=CC=CC=C4C(=O)OC
29532,Q05397,6.24,COC1=C(C=CC(=C1)N2CCOCC2)NC3=NC(=NC4=NC=CN43)NC5=CC=CC=C5C(=O)OC
29533,Q05397,6.243333333333332,C1CNCCC2=C1C=CC(=C2)NC3=NN4C=CC=C(C4=N3)C5=C6C(=CC=C5)OC(O6)(F)F
29534,Q05397,6.243333333333332,CN(C)C(=O)CN1CCC(CC1)C2=CC=C(C=C2)NC3=NN4C=CC=C(C4=N3)C5=CC=CNC5=O
29535,Q05397,6.246666666666666,CN(C)C(=O)CN1CCC(CC1)C2=CC=C(C=C2)NC3=NN4C=CC=C(C4=N3)C5=CN=C(C=N5)OC
29536,Q05397,6.249999999999999,COC1=C(C=C(C=C1)C(F)(F)F)C2=CC=CN3C2=NC(=N3)NC4=CC=C(C=C4)C5CCNCC5
29537,Q05397,6.25,CCOC1=CC=CC=C1C2=CC=CN3C2=NC(=N3)NC4=CC5=C(CCN(CC5)CCS(=O)(=O)C)C=C4
29538,Q05397,6.25,C1CC1COC2=CC=CC=C2C3=CC=CN4C3=NC(=N4)NC5=CC6=C(CCNCC6)C=C5
29539,Q05397,6.256666666666666,CN1CCN(CC1)C2=CC(=CC=C2)NC3=NN4C=CC=C(C4=N3)NCC5=CC=CC=C5CN(C)S(=O)(=O)C
29540,Q05397,6.26,C1CN(CCC1C2=CC=C(C=C2)NC3=NN4C(=CC=C4C5=NC=CN=C5)C=N3)CC(=O)N
29541,Q05397,6.26,CN1CCN(CC1)C2=CN=CC(=N2)NC3=NN4C=CC=C(C4=N3)C5=CC=C(C=C5)S(=O)(=O)C
29542,Q05397,6.26,CN1CCN(CC1)CCCOC2=C(C=C3C(=C2)N=CC(=C3NC4=CC(=C(C=C4Cl)Cl)OC)C#N)OC
29543,Q05397,6.26,COC1=CC(=CC(=C1OC)OC)NC2=NC=C3C=CN(C3=N2)C4=CC=CC(=N4)C(=O)NCC(=O)OC
29544,Q05397,6.276,CCOC1=CC=CC=C1C2=CC=CN3C2=NC(=N3)NC4=CC5=C(CCNCC5)C=C4
29545,Q05397,6.2799999999999985,CC1(CCC(C2=C1C=CC(=C2)NC3=NN4C=CC=C(C4=N3)C5=CC=C(C=C5)S(=O)(=O)C)(C)C)C
29546,Q05397,6.2799999999999985,CN1CCN(CC1)C2=CC(=CC=C2)NC3=NN4C=CC=C(C4=N3)OCC5=CC=CC=C5C#N
29547,Q05397,6.285,CN1CCN(CC1)C2=CC(=CC=C2)NC3=NN4C=CC=C(C4=N3)NCC5=CC=CC=C5F
29548,Q05397,6.29,CC1=CC=C(C=C1)N2C=CC3=CN=C(N=C32)NC4=CC(=C(C(=C4)OC)OC)OC
29549,Q05397,6.29,CNC(=O)C1=CC=CC=C1NC2=NC3=NC=CN3C(=N2)NC4=C(C=C(C=C4)N5CCOCC5)OC
29550,Q05397,6.299999999999999,CN1CCN(CC1)C2=CC(=CC=C2)NC3=NN4C=CC=C(C4=N3)NC5=C(N=CC=C5)N(C)S(=O)(=O)C
29551,Q05397,6.3,CCN1CCN(CC1)C2=NC=C(C=C2)NC3=NC=C4C(=N3)C(=CS4)C5=CC(=CC=C5)C(=O)NC6CC6
29552,Q05397,6.3,CN1C2=C(C=C(C=C2)C3=CC=C(C=C3)C(=O)N4CCC(CC4)CCO)C5=C(S1(=O)=O)C=NN5
29553,Q05397,6.3,CC1=CC=CC=C1NC2=NC=C3C=CN(C3=N2)C4=CC=CC=N4
29554,Q05397,6.3,COC(=O)C1=CC=CC=C1NC2=NC(=NC3=NC=CN32)NC4=CC=C(C=C4)CNC(=O)OC=C
29555,Q05397,6.3,C1CC1NC(=O)C2=CC=CC(=C2)C3=CSC4=CN=C(N=C43)NC5=CN=C(C=C5)N6CCOCC6
29556,Q05397,6.3,CCN1CCN(CC1)C2=NC=C(C=C2)NC3=NC=C4C(=N3)C(=CS4)C5=CC(=CC=C5)NS(=O)(=O)C
29557,Q05397,6.3,COC1=CC(=CC(=C1OC)OC)NC2=NC=C3C=CN(C3=N2)C4=NC=CS4
29558,Q05397,6.3,CCN1CCN(CC1)C2=NC=C(C=C2)NC3=NC=C4C(=N3)C(=CS4)C5=CC6=CC=CC=C6N=C5
29559,Q05397,6.3,COC1=CC(=CC(=C1OC)OC)NC2=NC=C3C=CN(C3=N2)C4=C(C=CN=C4)Cl
29560,Q05397,6.3,COC1=CC(=CC(=C1OC)OC)NC2=NC=C3C=CN(C3=N2)C4=CC=CC=C4C#N
29561,Q05397,6.3,CN(C)CCOC1=NC=C(C=C1)NC2=NC=C3C(=N2)C(=CS3)C4=CC(=CC=C4)NS(=O)(=O)C
29562,Q05397,6.32,C1=CC(=CC(=C1)C(F)(F)F)C(=O)NC2=CC(=C(C=C2)Cl)C(=O)NC3=CC(=C(N=C3)N)Cl
29563,Q05397,6.32,CN(C1=C(C=CC=N1)CNC2=C3C=C(NC3=NC=C2C#N)C4=CC=C(C=C4)F)S(=O)(=O)C
29564,Q05397,6.33,CC1=CC=C(C=C1)N2C(=CC(=N2)C(C)(C)C)NC(=O)NC3=NNC(=C3)C4=CC5=NC=CN=C5C=C4
29565,Q05397,6.335,CN(C1=C(C=CC=N1)CNC2=C3C=C(NC3=NC=C2C#N)C4=CC=CC=C4)S(=O)(=O)C
29566,Q05397,6.34,C1COCCN1C2=CC=C(C=C2)NC3=NN4C=CC=C(C4=N3)C5=CN=CC=C5
29567,Q05397,6.35,CN1CCC(CC1)C2=CC=C(C=C2)NC3=NN4C=CC=C(C4=N3)NCC5=CC=CC=C5CN(C)S(=O)(=O)C
29568,Q05397,6.35,CC1=CC=C(C=C1)N2C(=CC(=N2)C(C)(C)C)NC(=O)NC3=CC=C(C=C3)N4C=NC5=C4N=CN=C5N
29569,Q05397,6.35,CN1CCN(CC1)C2=CC=C(C=C2)NC3=NN4C=C(C=C(C4=N3)C5=CC=C(C=C5)S(=O)(=O)C)F
29570,Q05397,6.35,C1COC2=C(C=CC=C2O1)C(=O)OCCN3C(=CN=C3/C=C\C4=C(C=CC=C4Cl)F)[N+](=O)[O-]
29571,Q05397,6.36,CCNC(=O)C1=CC=CC=C1NC2=NC=NC(=N2)NC3=CC=C(C=C3)CN
29572,Q05397,6.36,COC1=CC(=CC(=C1OC)OC)NC2=NC=C3C=CN(C3=N2)C4=CC=CC(=C4)C(=O)NCCO
29573,Q05397,6.363333333333332,CN(C)C(=O)CN1CCC2=C(CC1)C=C(C=C2)NC3=NN4C=CC=C(C4=N3)C5=C(C=CC(=C5)C(F)(F)F)OC
29574,Q05397,6.38,CC1=C(C(=C2C(=C1C=O)[C@H]3C(=O)C4=C([C@H](O3)O2)C(=C(C(=C4O)O)O)C)O)O
29575,Q05397,6.38,CC(=O)OC[C@@H]1[C@H]([C@@H]([C@H]([C@@H](O1)N2C(=O)C3=CC=CC=C3[Se]2)OC(=O)C)OC(=O)C)O[C@H]4[C@@H]([C@H]([C@H]([C@H](O4)COC(=O)C)OC(=O)C)OC(=O)C)OC(=O)C
29576,Q05397,6.38,CCNC(=O)CC1=CC(=CC=C1)N2C=CC3=CN=C(N=C32)NC4=CC(=C(C(=C4)OC)OC)OC
29577,Q05397,6.383333333333333,COC1=NC=C(N=C1)C2=CC=CN3C2=NC(=N3)NC4=CC=C(C=C4)C5CCNCC5
29578,Q05397,6.389999999999999,CN(C)C(=O)CN1CCC2=C(CC1)C=C(C=C2)NC3=NN4C=CC=C(C4=N3)C5=CC=CC=C5OC
29579,Q05397,6.393333333333333,CS(=O)(=O)C1=CC=C(C=C1)C2=CC=CN3C2=NC(=N3)NC4=CN(N=C4)CCN5CCCC5
29580,Q05397,6.3966666666666665,CN1CCC(CC1)C2=CC=C(C=C2)NC3=NN4C=CC=C(C4=N3)NC5=CC=CC=C5CS(=O)(=O)C
29581,Q05397,6.4,CC1=C(C=C(C=C1)C(=O)N)NC2=NC=C3C=CN(C3=N2)C4=CC=CC=N4
29582,Q05397,6.4,CN1CCC(CC1)NC(=O)C2=CC(=C(C=C2)NC3=NC=C(C(=N3)OC4=CC=C(C=C4)C(=O)O)C(F)(F)F)OC
29583,Q05397,6.4,CN1CC2=C(C1=O)C(=CC=C2)OC3=NC(=NC=C3)NC4=C(C=C(C=C4)C(=O)O)OC
29584,Q05397,6.4,CN1CCC(CC1)NC(=O)C2=CC(=C(C=C2F)NC3=NC=C(C(=N3)OC4=CC=CC5=C4CS(=O)(=O)N5)C(F)(F)F)OC
29585,Q05397,6.4,CN1C(=O)CCC2=C1C(=CC=C2)OC3=NC(=NC=C3C(F)(F)F)NC4=C(C=C(C=C4)C(=O)O)OC
29586,Q05397,6.4,COC1=C(C=CC(=C1)F)NC2=NC=CC(=N2)OC3=CC=CC4=C3C(=O)CC4
29587,Q05397,6.4,COC1=CC=C(C=C1)NC2=NC=CC(=N2)OC3=CC=CC4=C3C(=O)CC4
29588,Q05397,6.4,CNC(=O)C1=CC=CC=C1NC2=NC(=NC=N2)NC3=CC(=C(C(=C3)OC)OC)OC
29589,Q05397,6.4,CC1(COC2=C(C(=CC=C2)OC3=NC(=NC=C3C(F)(F)F)NC4=C(C=C(C(=C4)F)C(=O)NC5CCN(CC5)C)OC)C(=O)N1)C
29590,Q05397,6.4,CN1CCN(CC1)C2=CC(=C(C=C2)NC3=NC=CC(=N3)OC4=CC=CC5=C4C(=O)CC5)OC
29591,Q05397,6.4,COC1=CC(=C(C=C1)NC2=NC=CC(=N2)OC3=CC=CC4=C3C(=O)CC4)OC
29592,Q05397,6.4,COC1=CC(=CC(=C1OC)OC)NC2=NC=C3C=CN(C3=N2)C4=CC=CC(=N4)C(=O)NCCCN
29593,Q05397,6.4,CN1CC2=C(C1=O)C(=CC=C2)OC3=NC(=NC=C3Br)NC4=C(C=C(C=C4)C(=O)OCC5=CC=CC=C5)OC
29594,Q05397,6.4,CC1(COC2=C(C(=CC=C2)OC3=NC(=NC=C3C(F)(F)F)NC4=C(C=C(C=C4)C(=O)NC5CCN(CC5)C)OC)C(=O)N1)C
29595,Q05397,6.41,CNC(=O)CC1=CC=CC=C1OC2=NC(=NC=C2C(F)(F)F)NC3=C(C=C(C=C3)C(=O)NC4CCN(CC4)C)OC
29596,Q05397,6.416666666666666,CN(C)C(=O)CN1CCC(CC1)C2=CC(=CC=C2)NC3=NN4C=CC=C(C4=N3)C5=C(C=CC(=C5)C(F)(F)F)OC
29597,Q05397,6.43,COC1=CC(=CC(=C1OC)OC)NC2=NC3=NC=CN3C(=N2)CC4=CC=CC=C4C(=O)OC
29598,Q05397,6.43,CN(C)C(=O)CN1CCC2=C(CC1)C=C(C=C2)NC3=NN4C=CC=C(C4=N3)C5=C(C=CC(=C5)Cl)OCC(F)F
29599,Q05397,6.43,COC1=C(C=CC(=C1)N2CCOCC2)NC3=NC4=NC=CN4C(=N3)NC5=CC=CC=C5C(=O)OC
29600,Q05397,6.435,CN1CCN(CC1)C2CCN(CC2)C3=CC=C(C=C3)C4=CC=CN5C4=NC(=N5)NC6=CC=CC(=C6)N7CCN(CC7)C
29601,Q05397,6.44,CN(CC1=CC=CC=C1CNC2=CC=CN3C2=NC(=N3)NC4=CC=C(C=C4)OCCN5CCCC5)S(=O)(=O)C
29602,Q05397,6.44,CCN1CCN(C(=O)C1)C2=CC(=CC=C2)NC3=NN4C=CC=C(C4=N3)C5=CC=C(C=C5)P(=O)(C)C
29603,Q05397,6.44,CCNC(=O)C1=CC(=CC=C1)N2C=CC3=CN=C(N=C32)NC4=CC(=C(C(=C4)OC)OC)OC
29604,Q05397,6.44,CN1CCC(CC1)NC(=O)C2=CC(=C(C=C2)NC3=NC=C(C(=N3)OC4=CC=CC5=C4CS(=O)(=O)N5)C(F)(F)F)OC
29605,Q05397,6.445,COC1=NC=C(C=C1)NC2=NN3C=CC=C(C3=N2)NCC4=CC=CC=C4OC
29606,Q05397,6.46,CN(C)C(=O)CN1CCC2=C(CC1)C=C(C=C2)NC3=NN4C=CC=C(C4=N3)C5=C(C=C(C=C5)F)OC
29607,Q05397,6.46,CCNC(=O)CCC1=CC(=CC=C1)N2C=CC3=CN=C(N=C32)NC4=CC(=C(C(=C4)OC)OC)OC
29608,Q05397,6.47,COC1=CC=C(C=C1)NC2=NN3C=CC=C(C3=N2)C4=CNN=C4
29609,Q05397,6.47,COC1=CC(=CC(=C1OC)OC)NC2=NC=C3C=CN(C3=N2)C4=CC=CC(=C4)CCC(=O)NCC(=O)OC
29610,Q05397,6.47,CNC(=O)C1=CC=CC=C1N2C=CC3=CN=C(N=C32)NC4=CC(=C(C(=C4)OC)OC)OC
29611,Q05397,6.473333333333333,CN1CCN(CC1)C2=CC=C(C=C2)NC3=NN4C=CC=C(C4=N3)NC5=CC=CC=C5CN(C)S(=O)(=O)C
29612,Q05397,6.473333333333333,CN1CCN(CC1)C2=CC=C(C=C2)NC3=NN4C=CC=C(C4=N3)OCC5=CC(=CC=C5)Cl
29613,Q05397,6.48,CNC(=O)C1=CC=CC=C1NC2=NC(=NC3=NC=CN32)NC4=C(C=C(C=C4)N5CCOCC5)OC
29614,Q05397,6.48,CNC(=O)CCC1=CC(=CC=C1)N2C=CC3=CN=C(N=C32)NC4=CC(=C(C(=C4)OC)OC)OC
29615,Q05397,6.48,CN(C1=CC=CC=C1CNC2=CC=CN3C2=NC(=N3)NC4=CC=CC=C4)S(=O)(=O)C
29616,Q05397,6.4899999999999975,COC1=CC=CC=C1C2=CC=CN3C2=NC(=N3)NC4=CC5=C(CCN(CC5)CCS(=O)(=O)C)C=C4
29617,Q05397,6.49,COC1=CC(=CC(=C1OC)OC)NC2=NC=C3C=CN(C3=N2)C4=CC=CC(=C4)C(=O)NC5CC5
29618,Q05397,6.49,CNC(=O)C1=CC=CC=C1NC2=NC(=NC=N2)NC3=C(C=C(C=C3)N4CCOCC4)OC
29619,Q05397,6.493333333333332,CC(C)COC1=CC=CC(=C1)C2=CC=CN3C2=NC(=N3)NC4=CC5=C(CCNCC5)C=C4
29620,Q05397,6.5,CN1CCN(CC1)C2=CC(=CC=C2)NC3=NN4C=CC=C(C4=N3)C#CC5=CC=CC=C5N(C)S(=O)(=O)C
29621,Q05397,6.5,COC1=CC(=CC(=C1OC)OC)NC2=NC=C3C=CN(C3=N2)C4=CC=CC=C4C(=O)OC
29622,Q05397,6.5,COC1=CC=CC=C1CNC2=CC=CN3C2=NC(=N3)NC4=CN=CC=C4
29623,Q05397,6.503333333333333,CN(C)C(=O)CN1CCC2=C(C1)C=CC(=C2)NC3=NN4C=CC=C(C4=N3)C5=C(C=CC(=C5)C(F)(F)F)OC
29624,Q05397,6.51,CC[C@H]1COC2=C(C(=CC=C2)OC3=NC(=NC=C3C(F)(F)F)NC4=C(C=C(C=C4)C(=O)NC5CCN(CC5)C)OC)C(=O)N1
29625,Q05397,6.51,CNC(=O)C1=CC=CC=C1NC2=NC3=NC=CN3C(=N2)NC4=CC(=C(C(=C4)OC)OC)OC
29626,Q05397,6.52,C1CCC2=C(C1)C=CC=C2NC3=NC=C4C=CN(C4=N3)C5=CC=CC=N5
29627,Q05397,6.52,COC1=CC=C(C=C1)NC2=NN3C=CC=C(C3=N2)N4CCN(CC4)S(=O)(=O)C
29628,Q05397,6.52,CNC(=O)C1=CC=CC=C1NC2=NC(=NC=N2)NC3=CC(=C(C(=C3)CCC(=O)N)OC)OC
29629,Q05397,6.52,C1CCNC(=O)[C@@H](C1)NC2=NC(=NC=C2C(F)(F)F)NC3=CC4=C(C=C3)NC(=O)C4
29630,Q05397,6.52,COC1=C(C=NC=C1)N2C=CC3=CN=C(N=C32)NC4=CC(=C(C(=C4)OC)OC)OC
29631,Q05397,6.5233333333333325,CN(C1=C(C=CC=N1)NC2=CC=CN3C2=NC(=N3)NC4=CC=C(C=C4)OCCN5CCCC5)S(=O)(=O)C
29632,Q05397,6.5266666666666655,COC1=C(C=CC(=C1)C(F)F)C2=CC=CN3C2=NC(=N3)NC4=CC=C(C=C4)C5CCNCC5
29633,Q05397,6.53,CC(=O)NCCNC(=O)C1=CC(=CC=C1)N2C=CC3=CN=C(N=C32)NC4=CC(=C(C(=C4)OC)OC)OC
29634,Q05397,6.533333333333332,CN(C1=CC=CC(=C1)C2=CC=CN3C2=NC(=N3)NC4=CC=C(C=C4)OCCN5CCCC5)S(=O)(=O)C
29635,Q05397,6.533333333333332,CN(C)C(=O)CN1CCC(CC1)C2=CC=C(C=C2)NC3=NN4C=CC=C(C4=N3)C5=C(C=CC(=C5)C(F)(F)F)OC
29636,Q05397,6.539999999999999,CN(C)C(=O)CN1CCC2=C(CC1)C=C(C=C2)NC3=NN4C(=N3)C=CC=C4C5=CC=CC=C5COC
29637,Q05397,6.55,COC(=O)C1=CC=CC=C1NC2=NC3=NC=CN3C(=N2)NC4=CC=C(C=C4)CN
29638,Q05397,6.55,COC1=CC(=CC(=C1OC)OC)NC2=NC3=NC=CN3C(=N2)NC4=CC=CC=C4C(=O)OC
29639,Q05397,6.553333333333333,COC1=C(C=C(C=C1)C(F)(F)F)C2=CC=CN3C2=NC(=N3)NC4=CC5=C(CNCC5)C=C4
29640,Q05397,6.56,COC1=CC(=CC(=C1OC)OC)NC2=NC=C3C=CN(C3=N2)C4=CC=CC(=N4)C(=O)NCC#N
29641,Q05397,6.563333333333333,COC1=CC=CC(=C1OC)C2=CC=CN3C2=NC(=N3)NC4=CC=C(C=C4)C5CCNCC5
29642,Q05397,6.563333333333333,CS(=O)(=O)C1=CC=C(C=C1)C2=CC=CC3=NC(=NN32)NC4=CC(=CC=C4)S(=O)(=O)C
29643,Q05397,6.565,CN(C1=C(C=CC=N1)CNC2=C3C=C(NC3=NC=C2C(F)(F)F)C4=CC=C(C=C4)F)S(=O)(=O)C
29644,Q05397,6.58,CNC(=O)C1=CC(=CC=C1)N2C=CC3=CN=C(N=C32)NC4=CC(=C(C(=C4)OC)OC)OC
29645,Q05397,6.583333333333332,C1CCN(C1)CCN2C=C(C=N2)NC3=NN4C=CC=C(C4=N3)C5=CC=C(C=C5)C(F)(F)F
29646,Q05397,6.583333333333332,CN1CCN(CC1)C2=CC(=CC=C2)NC3=NN4C=CC=C(C4=N3)C5=CC=CC=C5OC
29647,Q05397,6.583333333333332,CN(C)C(=O)CN1CCC2=C(CC1)C=C(C=C2)NC3=NN4C=CC=C(C4=N3)C5=C6C(=CC=C5)OC(O6)(F)F
29648,Q05397,6.593333333333333,COC1=CC=CC(=C1F)C2=CC=CN3C2=NC(=N3)NC4=CC=C(C=C4)C5CCNCC5
29649,Q05397,6.6,CC1=NC=CC(=C1)NC2=NN3C=CC=C(C3=N2)NCC4=CC=CC=C4OC
29650,Q05397,6.605,CS(=O)(=O)C1=CC(=C(C=C1)C2=CC=CN3C2=NC(=N3)NC4=CC5=C(CCNCC5)C=C4)OCC(F)F
29651,Q05397,6.606666666666667,CN(C1=C(C=CC=N1)CNC2=CC=CN3C2=NC(=N3)NC4=CC(=CC=C4)S(=O)(=O)C)S(=O)(=O)C
29652,Q05397,6.61,CC1=C(C(=CC=C1)OC2=NC(=NC=C2C(F)(F)F)NC3=C(C=C(C=C3)C(=O)NC4CCN(CC4)C)OC)N(C)C(=O)C
29653,Q05397,6.616666666666665,CN1CCN(CC1)C2=CC=C(C=C2)NC3=NN4C=CC=C(C4=N3)C5=C(C=CC(=C5)C(F)(F)F)OC
29654,Q05397,6.616666666666666,CN1CCN(CC1)C2=CC(=CC=C2)NC3=NN4C=CC=C(C4=N3)C5=CC=C(C=C5)F
29655,Q05397,6.619999999999999,CN1CC2=C(C1)C=C(C=C2)NC3=NN4C=CC=C(C4=N3)C#CC5=CC=CC=C5N(C)S(=O)(=O)C
29656,Q05397,6.62,COC1=CC(=CC(=C1OC)OC)NC2=NC=C3C=CN(C3=N2)C4=CC=CC(=N4)C(=O)NCCC#N
29657,Q05397,6.62,CN1CCC(CC1)NC(=O)C2=CC(=C(C=C2)NC3=NC=C(C(=N3)OC4=CC=CC=C4C(=O)N(C)C)C(F)(F)F)OC
29658,Q05397,6.62,COC(=O)C1=CC=CC=C1NC2=NC(=NC3=NC=CN32)NC4=CC=C(C=C4)CN
29659,Q05397,6.625,CS(=O)(=O)C1=CC=C(C=C1)C2=CC=CN3C2=NC(=N3)NC4=CC=CC(=C4)N5CCC(CC5)N6CCOCC6
29660,Q05397,6.625,CC(C)OC1=CC=CC=C1C2=CC=CN3C2=NC(=N3)NC4=CC5=C(CCNCC5)C=C4
29661,Q05397,6.629999999999999,CN(C)C(=O)CN1CCC2=C(CC1)C=C(C=C2)NC3=NN4C(=N3)C=CC=C4C5=C(C=CC(=C5)C(F)(F)F)OC
29662,Q05397,6.629999999999999,CN(C)C(=O)CN1CCC2=C(C1)C=CC(=C2)NC3=NN4C=CC=C(C4=N3)C5=C(C=C(C=C5)Cl)OC
29663,Q05397,6.63,COC1=CC(=CC(=C1OC)OC)NC2=NC=C3C=CN(C3=N2)C4=CC=CC(=C4)CC5=NNN=N5
29664,Q05397,6.63,CN1CCN(CC1)C2=CC=C(C=C2)NC3=NN4C=CC=C(C4=N3)NC5=CC=CC=C5CS(=O)(=O)C
29665,Q05397,6.63,COC1=CC(=CC(=C1OC)OC)NC2=NC=C3C=CN(C3=N2)C4=CC=CC(=C4)C(F)(F)F
29666,Q05397,6.63,CN(C)CCNC(=O)CCC1=CC(=CC=C1)N2C=CC3=CN=C(N=C32)NC4=CC(=C(C(=C4)OC)OC)OC
29667,Q05397,6.633333333333333,CN1CCN(CC1)C2=CC=C(C=C2)NC3=NN4C=CC=C(C4=N3)OCC5=CC=CC=C5C#N
29668,Q05397,6.64,CNC(=O)C1=CC=CC=C1NC2=NC(=NC3=NC=CN32)NC4=CC(=C(C(=C4)OC)OC)OC
29669,Q05397,6.64,CC(=O)C1=CN=C(N=C1OC2=CC=CC3=C2C(=O)CC3)NC4=CC=C(C=C4)OC
29670,Q05397,6.643333333333333,CN(C)C(=O)CN1CCC(CC1)C2=CC=C(C=C2)NC3=NN4C=CC=C(C4=N3)C5=C(C=C(C=C5)Cl)OC
29671,Q05397,6.645,CC1=NC=C(C=C1)NC2=NN3C=CC=C(C3=N2)NCC4=CC=CC=C4OC
29672,Q05397,6.6466666666666665,CN1CCN(CC1)C2=CC=C(C=C2)NC3=NN4C=CC=C(C4=N3)C5=CC=CC=C5OC
29673,Q05397,6.6466666666666665,COC1=CC=CC=C1C2=CC=CN3C2=NC(=N3)NC4=CC=C(C=C4)N5CCOCC5
29674,Q05397,6.65,CN1CCC(CC1)NC(=O)C2=CC(=C(C=C2)NC3=NC=C(C(=N3)OCC4CCCCC4)C(F)(F)F)OC
29675,Q05397,6.65,CN1CCC(CC1)NC(=O)C2=CC(=C(C=C2)NC3=NC=C(C(=N3)OC4=CC=CC=C4C5=CN=CS5)C(F)(F)F)OC
29676,Q05397,6.653333333333332,CC(C)(C)OC(=O)N1CCN(CC1)C2=CC(=CC=C2)NC3=NN4C=CC=C(C4=N3)C5=CC=C(C=C5)S(=O)(=O)C
29677,Q05397,6.653333333333333,CS(=O)(=O)CCN1CCC2=C(CC1)C=C(C=C2)NC3=NN4C=CC=C(C4=N3)C5=C6C(=CC=C5)OC(O6)(F)F
29678,Q05397,6.656666666666666,CN1CCN(CC1)C2=CC(=CC=C2)NC3=NN4C=CC=C(C4=N3)NC5=CC=CC=C5S(=O)(=O)C
29679,Q05397,6.66,CNC(=O)C1=CC=CC=C1NC2=NC3=NC=CN3C(=N2)NC4=CC=C(C=C4)CN
29680,Q05397,6.66,CC1=CC(=CC=C1)N2C=CC3=CN=C(N=C32)NC4=CC(=C(C(=C4)OC)OC)OC
29681,Q05397,6.663333333333332,COC1=NC=C(C=C1)C2=CC=CN3C2=NC(=N3)NC4=CC=C(C=C4)N5CCOCC5
29682,Q05397,6.663333333333332,CN1CCN(CC1)C2=CC=C(C=C2)NC3=NN4C=CC=C(C4=N3)C5=CC(=CC=C5)N(C)S(=O)(=O)C
29683,Q05397,6.665,COC1=NC=C(C=C1)C2=CC=C3N2N=C(N=C3)NC4=CC=C(C=C4)C5CCN(CC5)CC(=O)N
29684,Q05397,6.669999999999999,COC1=C(C=C(C=C1)C(F)(F)F)C2=CC=CN3C2=NC(=N3)NC4=CC=CC(=C4)C5CCNCC5
29685,Q05397,6.67,C1CN(CCC1C2=CC=C(C=C2)NC3=NN4C(=CC=C4C5=CC(=CC=C5)CO)C=N3)CC(=O)N
29686,Q05397,6.676666666666666,CN(C)C(=O)CN1CCC(CC1)C2=CC=C(C=C2)NC3=NN4C=CC=C(C4=N3)C5=C(C=C(C=C5)C(F)F)OC
29687,Q05397,6.679999999999999,CN(C)C(=O)CN1CCC(CC1)C2=CC=C(C=C2)NC3=NN4C=CC=C(C4=N3)C5=C(C(=CC=C5)OC)OC
29688,Q05397,6.68,CN1CCN(CC1)C2=CC(=CC=C2)NC3=NN4C=CC=C(C4=N3)NCC5=CC=CC=C5OC
29689,Q05397,6.6850000000000005,COC1=CC(=CC(=C1OC)OC)NC2=NC=C3C=CN(C3=N2)C4=CC=CC=N4
29690,Q05397,6.69,CS(=O)(=O)N1CC2=CC=CC(=C2C1)C3=CC=C4N3N=C(N=C4)NC5=CC=C(C=C5)C6CCN(CC6)CC(=O)N
29691,Q05397,6.695,CCOC1=C(C=C(C=C1)Cl)C2=CC=CN3C2=NC(=N3)NC4=CC5=C(CCNCC5)C=C4
29692,Q05397,6.7,CC1=C(C=C(C=C1)OC)NC2=NC=C3C=CN(C3=N2)C4=CC=CC=N4
29693,Q05397,6.7,COC1=CC(=CC(=C1OC)OC)NC2=NC=C3CCCN(C3=N2)C4=CC=CC=N4
29694,Q05397,6.7,COC1=CC(=CC(=C1OC)OC)NC2=NC=C3CCC(N(C3=N2)C4=CC=CC=N4)O
29695,Q05397,6.7,CCOC(=O)CC1=CN=C(N=C1NC2=CC=CC=N2)NC3=CC(=C(C(=C3)OC)OC)OC
29696,Q05397,6.71,COC1=CC=C(C=C1)NC2=NC=C(C(=N2)OC3=CC=CC4=C3C(=O)CC4)F
29697,Q05397,6.71,CS(=O)(=O)C1=CC=C(C=C1)C2=CC=CN3C2=NC(=N3)NC4=CC=CC(=C4)C5CCNCC5
29698,Q05397,6.71,COC1=CC=CC=C1C2=CC=C3N2N=C(N=C3)NC4=CC=C(C=C4)C5CCN(CC5)CC(=O)N
29699,Q05397,6.713333333333333,COCC1=CC=CC=C1C2=CC=CC3=NC(=NN32)NC4=CC5=C(CCN(CC5)CCS(=O)(=O)C)C=C4
29700,Q05397,6.72,C1C2=C(C=CC(=C2)NC3=NC=C(C(=N3)NCC4=CC=CC=N4)C#N)NC1=O
29701,Q05397,6.723333333333333,C1CNCCC2=C1C=CC(=C2)NC3=NN4C=CC=C(C4=N3)C5=C(C=CC(=C5)C(F)(F)F)F
29702,Q05397,6.73,CN(CC1=CC=CC(=C1)C2=CC=CN3C2=NC(=N3)NC4=CC=C(C=C4)OCCN5CCCC5)S(=O)(=O)C
29703,Q05397,6.736666666666666,C1COCCN1C2=CC=C(C=C2)NC3=NN4C=CC=C(C4=N3)C5=CC=NC=C5
29704,Q05397,6.736666666666666,CS(=O)(=O)CCN1CCC2=C(CC1)C=C(C=C2)NC3=NN4C=CC=C(C4=N3)C5=C(C=CC(=C5)C(F)(F)F)Cl
29705,Q05397,6.7399999999999975,CN1CCC(CC1)C2=CC=C(C=C2)NC3=NN4C=CC=C(C4=N3)NC5=C(N=CC=C5)N(C)S(=O)(=O)C
29706,Q05397,6.739999999999998,CN1CCN(CC1)C2=CC=C(C=C2)NC3=NN4C=CC=C(C4=N3)CCC5=CC=CC=C5N(C)S(=O)(=O)C
29707,Q05397,6.74,COC1=CC(=CC(=C1OC)OC)NC2=NC=C3C=CN(C3=N2)C4=CC=CC(=N4)C(=O)NCCN
29708,Q05397,6.74,CNC(=O)C1=CC=CC=C1CC2=NC(=NC3=NC=CN23)NC4=CC(=C(C(=C4)OC)OC)OC
29709,Q05397,6.74,CC(=O)NC1=CC2=C(C=C1)N=C3C(=CNN3)N=C2C4=CC=CC=C4Cl
29710,Q05397,6.742000000000001,CC(C)(C)OC(=O)N1CCC2=C(CC1)C=C(C=C2)NC3=NN4C=CC=C(C4=N3)C5=C6C=NN(C6=CC=C5)C
29711,Q05397,6.745,CCC1=CC=C(C=C1)C2=CC3=C(C=C2)N(S(=O)(=O)C4=C3N(N=C4)C)C
29712,Q05397,6.745,CN1CCN(CC1)C2=CC=C(C=C2)NC3=NN4C=CC=C(C4=N3)/C=C/C5=CC=CC=C5N(C)S(=O)(=O)C
29713,Q05397,6.749999999999999,CN(C1=C(C=CC=N1)CNC2=CC=CN3C2=NC(=N3)NC4=CC=C(C=C4)N5CCN(CC5)CCO)S(=O)(=O)C
29714,Q05397,6.75,CC(=O)NC1=CC=CC(=C1)NC2=NN3C=CC=C(C3=N2)C4=CC=C(C=C4)S(=O)(=O)C
29715,Q05397,6.756666666666666,CN(C)C(=O)CN1CCC(CC1)C2=CC=C(C=C2)NC3=NN4C=CC=C(C4=N3)C5=C(C(=CC=C5)OC)F
29716,Q05397,6.76,CN1CCN(CC1)C2=CC=C(C=C2)NC3=NN4C(=N3)C=CC=C4C5=CC(=CC=C5)NS(=O)(=O)C
29717,Q05397,6.77,C1CCN(C1)S(=O)(=O)C2=CC=CC=C2CNC3=NC(=NC=C3C(F)(F)F)NC4=CC5=C(C=C4)NC(=O)C5
29718,Q05397,6.77,CNC(=O)C1=CC=CC=C1NC2=C3C(=NC=C2Br)N=C(N3)C4=CC=C(C=C4)F
29719,Q05397,6.775,CNC(=O)C1=CC=CC=C1NC2=C3C=C(NC3=NC=C2C(F)(F)F)C4=CC=C(C=C4)F
29720,Q05397,6.7799999999999985,COC1=C(C=C(C=C1)C(F)(F)F)C2=CC=CC3=NC(=NN32)NC4=CC5=C(CCNCC5)C=C4
29721,Q05397,6.78,C1CN(CCC1C2=CC=C(C=C2)NC3=NN4C(=CC=C4C5=CC=CC6=C5N=CC=C6)C=N3)CC(=O)N
29722,Q05397,6.783333333333332,CS(=O)(=O)C1=CC=CC=C1NC2=CC=CN3C2=NC(=N3)NC4=CC=C(C=C4)OCCN5CCCC5
29723,Q05397,6.786666666666665,C1CNCCC1C2=CC=C(C=C2)NC3=NN4C=CC=C(C4=N3)C5=CC=C(C=C5)C#N
29724,Q05397,6.786666666666666,COC1=CC=C(C=C1)NC2=NN3C=CC=C(C3=N2)NC4=CC=CC=C4S(=O)(=O)C
29725,Q05397,6.786666666666666,CN1CCN(CC1)C2=CC(=CC=C2)NC3=NN4C=CC=C(C4=N3)C5=CC(=CC=C5)CN(C)S(=O)(=O)C
29726,Q05397,6.79,CC1=CC(=C(C=C1)C#N)OC2=NC(=NC=C2C(F)(F)F)NC3=C(C=C(C(=C3)F)C(=O)NC4CCN(CC4)C)OC
29727,Q05397,6.796666666666668,CC(C)(C)OC(=O)N1CCC(CC1)C2=CC(=CC=C2)NC3=NN4C=CC=C(C4=N3)C5=CC=C(C=C5)S(=O)(=O)C
29728,Q05397,6.8,CNC(=O)C1=CC=CC=C1NC2=NC=NC(=N2)NC3=CC=C(C=C3)CN
29729,Q05397,6.8,CS(=O)(=O)C1=CC=CC(=C1)C2=CC=C3N2N=C(N=C3)NC4=CC=C(C=C4)C5CCN(CC5)CC(=O)N
29730,Q05397,6.8,CN(C)C(=O)CN1CCC(CC1)C2=CC=C(C=C2)NC3=NN4C=CC=C(C4=N3)C5=CC=C(C=C5)F
29731,Q05397,6.8,CN1C=CC2=C1C=CC(=C2)NC3=NC=C(C(=N3)NCC4=CC=CC=N4)C(F)(F)F
29732,Q05397,6.803333333333333,CN1C2=CC=CC(=C2C=N1)C3=CC=CN4C3=NC(=N4)NC5=CC6=C(CCNCC6)C=C5
29733,Q05397,6.803333333333333,CN(C)C(=O)CN1CCC(CC1)C2=CC(=CC=C2)NC3=NN4C=CC=C(C4=N3)C5=C(C=C(C=C5)Cl)OC
29734,Q05397,6.813333333333333,CN1CCN(CC1)C2=CC=C(C=C2)NC3=NN4C=CC=C(C4=N3)NCC5=CC=CC=C5CN(C)S(=O)(=O)C
29735,Q05397,6.8133333333333335,CN(C1=C(C=CC=N1)CNC2=CC=CN3C2=NC(=N3)NC4=CC=C(C=C4)S(=O)(=O)C)S(=O)(=O)C
29736,Q05397,6.816666666666666,CN1CCN(CC1)C2=CC(=CC=C2)NC3=NN4C=CC=C(C4=N3)NCC5=C(N=CC=C5)N(C)S(=O)(=O)C
29737,Q05397,6.82,CN1CCC(CC1)NC(=O)C2=CC(=C(C=C2F)NC3=NC=C(C(=N3)OC4=CC=CC5=C4CC(=O)N5)C(F)(F)F)OC
29738,Q05397,6.82,C1=CC=C(C(=C1)C2=NC3=CNNC3=NC4=C2C=C(C=C4)N)Cl
29739,Q05397,6.826666666666666,CN1CCN(CC1)C2=CC(=CC=C2)NC3=NN4C=CC=C(C4=N3)C5=CC=C(C=C5)P(=O)(C)C
29740,Q05397,6.84,CN1CCN(CC1)C2=CC=C(C=C2)NC3=NN4C=CC=C(C4=N3)C5=CC(=CC=C5)CN(C)S(=O)(=O)C
29741,Q05397,6.85,CN1CCN(CC1)C2=CC(=C(C=C2)C(=O)NC3=NNC4=C3C=C(C=C4)CC5=CC(=CC(=C5)F)F)NC6CCOCC6
29742,Q05397,6.853333333333333,C1CNCCC1C2=CC=C(C=C2)NC3=NN4C=CC=C(C4=N3)C5=CC=C(C=C5)F
29743,Q05397,6.8533333333333335,CCN1CCN(C(=O)C1)C2=CC(=CC=C2)NC3=NN4C=CC=C(C4=N3)C5=CC=C(C=C5)S(=O)(=O)C
29744,Q05397,6.855,C1CNCCC2=C1C=CC(=C2)NC3=NN4C=CC=C(C4=N3)C5=C(C=CC(=C5)Cl)OCC(F)F
29745,Q05397,6.855,CN(C1=CC=CC=C1CNC2=CC=CN3C2=NC(=N3)NC4=CC5=C(C=C4)C=NC=C5)S(=O)(=O)C
29746,Q05397,6.8599999999999985,CN1CCN(CC1)CC2=CC=C(C=C2)NC3=NN4C(=N3)C=CC=C4C5=CC(=CC=C5)S(=O)(=O)C
29747,Q05397,6.8599999999999985,CN1CCC(CC1)C2=CC=C(C=C2)NC3=NN4C=CC=C(C4=N3)NCC5=C(N=CC=C5)N(C)S(=O)(=O)C
29748,Q05397,6.86,CC(=O)C1=C(C=CC=C1F)OC2=NC(=NC=C2C(F)(F)F)NC3=C(C=C(C=C3)C(=O)NC4CCN(CC4)C)OC
29749,Q05397,6.863333333333332,CN1CCN(CC1)C2=CC(=CC=C2)NC3=NN4C=CC=C(C4=N3)C5=CN(N=C5)C6=CC=C(C=C6)F
29750,Q05397,6.87,C1CNCCC2=C1C=CC(=C2)NC3=NN4C=CC=C(C4=N3)C5=CC(=CC=C5)C(F)(F)F
29751,Q05397,6.876666666666665,CS(=O)(=O)C1=CC=C(C=C1)C2=CC=CN3C2=NC(=N3)NC4=CC(=CC=C4)S(=O)(=O)C
29752,Q05397,6.88,COC1=C(C=CC2=C1CC[C@H](CC2)N3CCOCC3)NC4=NC=C(C(=N4)N[C@@H]5[C@@H]6C[C@H]([C@@H]5C(=O)N)C=C6)Cl
29753,Q05397,6.883333333333333,CN1CCN(C(=O)C1)C2=CC(=CC=C2)NC3=NN4C=CC=C(C4=N3)C5=CC=C(C=C5)S(=O)(=O)C
29754,Q05397,6.89,CN(C1=C(C=CC=N1)CNC2=C3C(=NC=C2C(F)(F)F)N=C(N3)C4=CC=C(C=C4)F)S(=O)(=O)C
29755,Q05397,6.8966666666666665,CN(C1=C(C=CC=N1)CNC2=CC=CN3C2=NC(=N3)NC4=CC=C(C=C4)OCCN5CCCC5)S(=O)(=O)C
29756,Q05397,6.9,CCN1C=C(C=N1)NC2=NN3C=CC=C(C3=N2)C4=CC=C(C=C4)C(F)(F)F
29757,Q05397,6.9,CN1C(=O)CCC2=C1C(=CC=C2)OC3=NC(=NC=C3C(F)(F)F)NC4=C(C=C(C=C4)C(=O)NCCN(C)C)OC
29758,Q05397,6.9,COC1=CC(=CC(=C1OC)OC)NC2=NC=C3C=CN(C3=N2)C4=CC=CC(=C4)C#N
29759,Q05397,6.9,CS(=O)(=O)C1=CC=C(C=C1)C2=CC=CN3C2=NC(=N3)NC4=CC=CC(=C4)N5CCN(CC5)CCCF
29760,Q05397,6.903333333333332,CN(C)C(=O)CN1CCC(CC1)C2=CC=C(C=C2)NC3=NN4C=CC=C(C4=N3)C5=CC(=CC=C5)OC
29761,Q05397,6.906666666666666,CN1CCC(CC1)C2=CC=C(C=C2)NC3=NN4C=CC=C(C4=N3)NC5=CC=CC=C5S(=O)(=O)C
29762,Q05397,6.91,CCN1C=C(C=N1)NC2=NN3C=CC=C(C3=N2)C4=CC=C(C=C4)S(=O)(=O)C
29763,Q05397,6.91,C1CN(CCC1C2=CC=C(C=C2)NC3=NN4C(=CC=C4C5=C6C(=CC=C5)OC(O6)(F)F)C=N3)CC(=O)N
29764,Q05397,6.915,CS(=O)(=O)C1=CC=C(C=C1)C2=CC=CN3C2=NC(=N3)NC4=CC=C(C=C4)N5CCC(CC5)N6CCOCC6
29765,Q05397,6.92,CNC(=O)C1=CC=CC=C1NC2=NC(=NC3=NC=CN32)NC4=CC=C(C=C4)CN
29766,Q05397,6.92,COC1=CC(=CC(=C1OC)OC)NC2=NC=C3C=CN(C3=N2)C4=CC=CC(=C4)CCC5=NNN=N5
29767,Q05397,6.923333333333333,CN(C)C(=O)CN1CCC(CC1)C2=CC=C(C=C2)NC3=NN4C=CC=C(C4=N3)C5=CC=C(C=C5)C#N
29768,Q05397,6.923333333333333,CN1CCN(CC1)C2=CC(=CC=C2)NC3=NN4C=CC=C(C4=N3)C5=CC(=CC=C5)S(=O)(=O)C
29769,Q05397,6.926666666666666,CN1CCN(CC1)C2=CC=C(C=C2)NC3=NN4C=CC=C(C4=N3)NCC5CCCN5S(=O)(=O)C
29770,Q05397,6.926666666666666,COC1=CC=CC(=C1)C2=CC=CN3C2=NC(=N3)NC4=CC=C(C=C4)C5CCNCC5
29771,Q05397,6.93,COC1=CC(=CC(=C1OC)OC)NC2=NC=C3C=CN(C3=N2)C4=CC=CC(=C4)CC(=O)NC5CC5
29772,Q05397,6.93,CS(=O)(=O)NC1=CC=CC(=C1)C2=CC=C3N2N=C(N=C3)NC4=CC=C(C=C4)C5CCN(CC5)CC(=O)N
29773,Q05397,6.933333333333333,COC1=CC(=C(C=C1)C2=CC=CN3C2=NC(=N3)NC4=CC=C(C=C4)C5CCNCC5)F
29774,Q05397,6.9350000000000005,CC1=C2C=NC(=NN2C(=C1)C3=CC=CC=C3N(C)S(=O)(=O)C)NC4=CC=C(C=C4)C5CCN(CC5)CC(=O)N
29775,Q05397,6.9350000000000005,CNC(=O)C1=CC=CC=C1NC2=C3C=C(NC3=NC=C2C#N)C4=CC=C(C=C4)F
29776,Q05397,6.9366666666666665,CN1CCC(CC1)C2=CC=C(C=C2)NC3=NN4C=CC=C(C4=N3)C5=CC(=CC=C5)CN(C)S(=O)(=O)C
29777,Q05397,6.94,COC1=CC(=CC(=C1OC)OC)NC2=NC=C3C=CN(C3=N2)C4=CC=CC(=C4)C5=NNN=N5
29778,Q05397,6.94,CS(=O)(=O)C1=CC=C(C=C1)C2=CC=C3N2N=C(N=C3)NC4=CC=C(C=C4)C5CCN(CC5)CC(=O)N
29779,Q05397,6.94,CN1CCC(CC1)NC(=O)C2=CC(=C(C=C2)NC3=NC=C(C(=N3)OC4=CC=C(C=C4)S(=O)(=O)C)C(F)(F)F)OC
29780,Q05397,6.9433333333333325,COC1=C(C=C(C=C1)C(F)(F)F)C2=CC=CC3=NC(=NN32)NC4=CC5=C(CCN(CC5)CCSC)C=C4
29781,Q05397,6.946666666666666,CN1CCC(CC1)C2=CC(=CC=C2)NC3=NN4C=CC=C(C4=N3)C5=CC(=CC=C5)N(C)S(=O)(=O)C
29782,Q05397,6.949999999999998,CN1CCN(CC1)C2=CC=C(C=C2)NC3=NN4C=CC=C(C4=N3)N(C)CC5=CC=CC=C5N(C)S(=O)(=O)C
29783,Q05397,6.949999999999998,CN1CCN(CC1)CC2=CC(=CC=C2)NC3=NN4C=CC=C(C4=N3)C5=CC=C(C=C5)S(=O)(=O)C
29784,Q05397,6.953333333333332,CS(=O)(=O)C1=CC=CC(=C1)C2=CC=CN3C2=NC(=N3)NC4=CC=CC(=C4)N5CCOCC5
29785,Q05397,6.966666666666666,CN1CCN(CC1)C2=CC=C(C=C2)NC3=NN4C=CC=C(C4=N3)NC5=C(N=CC=C5)N(C)S(=O)(=O)C
29786,Q05397,6.9700000000000015,C[C@@]12[C@@H]([C@@H](C[C@@H](O1)N3C4=CC=CC=C4C5=C6C(=C7C8=CC=CC=C8N2C7=C53)CNC6=O)NC)OC
29787,Q05397,6.9766666666666675,CN(C)C(=O)CN1CCC2=C(CC1)C=C(C=C2)NC3=NN4C=CC=C(C4=N3)C5=C(C=CC(=C5)F)OC
29788,Q05397,6.98,CN1CCC(CC1)NC(=O)C2=CC(=C(C=C2)NC3=NC=C(C(=N3)OCCC4=C(C=CC(=C4)OC)OC)C(F)(F)F)OC
29789,Q05397,6.9849999999999985,CN(C1=C(C=CC=N1)C2=CC=C3N2N=C(N=C3)NC4=CC=C(C=C4)C5CCN(CC5)CC(=O)N)S(=O)(=O)C
29790,Q05397,6.99,C[C@H]1COC2=C(C(=CC=C2)OC3=NC(=NC=C3Cl)NC4=C(C=C(C=C4)C(=O)NC5CCN(CC5)C)OC)C(=O)N1
29791,Q05397,6.993333333333332,CN1CCN(CC1)C2=CC=C(C=C2)NC3=NN4C=CC=C(C4=N3)NCC5=CC=CC=C5OC
29792,Q05397,6.993333333333332,COC1=CC=CC(=C1)C2=CC=CN3C2=NC(=N3)NC4=CC5=C(CNC5)C=C4
29793,Q05397,7.0,COC1=CC(=CC(=C1OC)OC)NC2=NC=C3CCN(C3=N2)C4=CC=CC=N4
29794,Q05397,7.0,CC1CCC2=C1C=CC=C2OC3=NC(=NC=C3C(F)(F)F)NC4=C(C=C(C(=C4)F)C(=O)NC5CCN(CC5)C)OC
29795,Q05397,7.0,COC1=CC(=CC(=C1OC)OC)NC2=NC=C3C=CN(C3=N2)C4=CN=CC=C4
29796,Q05397,7.0,COC1=CC(=CC(=C1OC)OC)NC2=NC=C(C(=N2)NC3=CC=CC=N3)Br
29797,Q05397,7.003333333333333,COC1=C(C=C(C=C1)C(F)(F)F)C2=CC=CN3C2=NC(=N3)NC4=CC5=C(CCN(CC5)CCS(=O)(=O)C)C=C4
29798,Q05397,7.003333333333333,CN1CCN(CC1)C2=CC(=CC=C2)NC3=NN4C=CC=C(C4=N3)NCC5=CC=CC=C5S(=O)(=O)C
29799,Q05397,7.0266666666666655,CN1C(=O)CC2=C1C=CC(=C2)NC3=NN4C=CC=C(C4=N3)NCC5=C(N=CC=C5)N(C)S(=O)(=O)C
29800,Q05397,7.0299999999999985,CN(C1=CC=CC=C1C2=CC=C3N2N=C(N=C3)NC4=CC=C(C=C4)C5CCN(CC5)CC(=O)N)S(=O)(=O)C
29801,Q05397,7.0299999999999985,CC1=CC=C(C=C1)N2C=C(C=N2)C3=CC=CN4C3=NC(=N4)NC5=CC=C(C=C5)C6CCNCC6
29802,Q05397,7.03,COC1=CC(=CC(=C1OC)OC)NC2=NC=C3C=CN(C3=N2)C4=CC=CC(=C4)CCC#N
29803,Q05397,7.035,CNC(=O)CC1=CC=CC=C1CCC2=NC(=NC=C2C(F)(F)F)NC3=CC=CC(=C3)N4CCN(CC4)C
29804,Q05397,7.036666666666666,CN1CCN(CC1)C2=CC(=CC=C2)NC3=NN4C=CC=C(C4=N3)C5=CC=C(C=C5)C(F)(F)F
29805,Q05397,7.039999999999999,CN1CCN(CC1)C2=CC=C(C=C2)NC3=NN4C=CC=C(C4=N3)C5=CC(=CC=C5)S(=O)(=O)C
29806,Q05397,7.04,C[C@H]1COC2=C(C(=CC=C2)OC3=NC(=NC=C3Cl)NC4=C(C=C(C(=C4)F)C(=O)NC5CCN(CC5)C)OC)C(=O)N1
29807,Q05397,7.043333333333332,CN1CCN(CC1)C2=CC=C(C=C2)NC3=NN4C(=N3)C=CC=C4C5=CC(=CC=C5)S(=O)(=O)C
29808,Q05397,7.05,CN1CCC(CC1)NC(=O)C2=CC(=C(C=C2)NC3=NC=C(C(=N3)OC4=CC=C(C=C4)CC(=O)O)C(F)(F)F)OC
29809,Q05397,7.055,CC(C)(C)NS(=O)(=O)C1=CC=CC(=C1)C2=CC=C3N2N=C(N=C3)NC4=CC=C(C=C4)C5CCN(CC5)CC(=O)N
29810,Q05397,7.0566666666666675,CN1CCC(CC1)C2=CC=C(C=C2)NC3=NN4C=CC=C(C4=N3)NCC5=CC=CC=C5S(=O)(=O)C
29811,Q05397,7.06,CC1CCC2=C1C=CC=C2OC3=NC(=NC=C3C(F)(F)F)NC4=C(C=C(C=C4)C(=O)NC5CCN(CC5)C)OC
29812,Q05397,7.07,CN1CCC(CC1)NC(=O)C2=CC(=C(C=C2)NC3=NC=C(C(=N3)OC4=CC=CC=C4Cl)C(F)(F)F)OC
29813,Q05397,7.073333333333332,COC1=C(C=CC(=C1)C(F)(F)F)C2=CC=CC3=NC(=NN32)NC4=CC5=C(CCN(CC5)CCS(=O)(=O)C)C=C4
29814,Q05397,7.076666666666666,CC(C)(CN1CCN(CC1)C2=CC(=CC=C2)NC3=NN4C=CC=C(C4=N3)C5=CC=C(C=C5)S(=O)(=O)C)O
29815,Q05397,7.086666666666666,CN(C)C1=CC=CC(=C1)C2=CC=CN3C2=NC(=N3)NC4=CC=C(C=C4)C5CCNCC5
29816,Q05397,7.09,CN(C)C(=O)CN1CCC2=C(CC1)C=C(C=C2)NC3=NN4C=CC=C(C4=N3)C5=C(C=C(C=C5)Cl)OC
29817,Q05397,7.09,CN1CCC(CC1)NC(=O)C2=CC(=C(C=C2)NC3=NC=C(C(=N3)OC4=CC=CC=C4CC(=O)N(C)C)C(F)(F)F)OC
29818,Q05397,7.09,CN1CCC(CC1)NC(=O)C2=CC(=C(C=C2)NC3=NC=C(C(=N3)OC4=CC=CC=C4C5=CC=NN5)C(F)(F)F)OC
29819,Q05397,7.096666666666667,CN1CCN(CC1)C2=CC(=CC=C2)NC3=NN4C=CC=C(C4=N3)NCC5=CC=CC=C5N(C)S(=O)(=O)C
29820,Q05397,7.1,CN1CCN(CC1)C2=CC=C(C=C2)NC3=NN4C=CC=C(C4=N3)NC5=CC=CC=C5S(=O)(=O)C
29821,Q05397,7.1066666666666665,CN(C)C(=O)CN1CCC(CC1)C2=CC=C(C=C2)NC3=NN4C=CC=C(C4=N3)C5=C(C=C(C=C5)OC)F
29822,Q05397,7.11,CN1CCC(CC1)NC(=O)C2=CC(=C(C=C2)NC3=NC=C(C(=N3)OC4=CC=CC=C4CC(=O)N)C(F)(F)F)OC
29823,Q05397,7.11,C1C2=C(C=CC(=C2)NC3=NC=C(C(=N3)NCC4=CC=CC=N4)Cl)NC1=O
29824,Q05397,7.119999999999999,CN1CCN(CC1)C2=CC(=CC=C2)NC3=NN4C(=N3)C=CC=C4C5=CC=C(C=C5)S(=O)(=O)C
29825,Q05397,7.12,CN1CCN(CC1)C2=CC=C(C=C2)NC3=NN4C(=N3)C=CC=C4C5=CC=C(C=C5)NS(=O)(=O)C
29826,Q05397,7.12,CN1CCC(CC1)NC(=O)C2=CC(=C(C=C2)NC3=NC=CC(=N3)OC4=CC=CC5=C4C(=O)CC5)OC
29827,Q05397,7.13,CN1CCC(CC1)NC(=O)C2=CC(=C(C=C2)NC3=NC=C(C(=N3)OC4CCCN(C4)C)C(F)(F)F)OC
29828,Q05397,7.13,CNC(=O)C1=CC(=CC=C1)OC2=NC(=NC=C2C(F)(F)F)NC3=C(C=C(C=C3)C(=O)NC4CCN(CC4)C)OC
29829,Q05397,7.133333333333333,CS(=O)(=O)C1=CC=C(C=C1)C2=CC=CN3C2=NC(=N3)NC4=CC=CC(=C4)N5CCN(CC5)CCO
29830,Q05397,7.133333333333333,COC1=C(C=CC(=C1)C(F)(F)F)C2=CC=CC3=NC(=NN32)NC4=CC5=C(CCNCC5)C=C4
29831,Q05397,7.136666666666666,CN(C)C1=CC=CC(=C1)C2=CC=CN3C2=NC(=N3)NC4=CC=C(C=C4)C5CCN(CC5)CC(=O)N(C)C
29832,Q05397,7.14,COC1=C(C=CC(=C1)F)NC2=NC=C(C(=N2)OC3=CC=CC4=C3C(=O)CC4)F
29833,Q05397,7.14,COC1=CC(=CC(=C1OC)OC)NC2=NC=C3C=CN(C3=N2)C4=CC=CC(=C4)C(=O)NCCN5CCCC5
29834,Q05397,7.14,CC(=O)N1C2CCC1C3=C2C=CC(=C3)NC4=NC=C(C(=N4)N[C@@H]5CCC[C@H]5N(C)C)C(F)(F)F
29835,Q05397,7.15,CN1CCC(CC1)NC(=O)C2=CC(=C(C=C2F)NC3=NC=C(C(=N3)SC4=CC=CC=C4)C(F)(F)F)OC
29836,Q05397,7.16,CN1CCC(CC1)NC(=O)C2=CC(=C(C=C2)NC3=NC=C(C(=N3)OC4=CC=CC5=C4CC(=O)N5)C(F)(F)F)OC
29837,Q05397,7.16,CNC(=O)C1=CC=CC=C1NC2=C3C=C(NC3=NC=C2C(F)(F)F)C4=CN=C(C=C4)N5CCOCC5
29838,Q05397,7.163333333333332,CN1CCN(CC1)C2=CC=C(C=C2)NC3=NN4C=CC=C(C4=N3)NCC5=C(N=CC=C5)N(C)S(=O)(=O)C
29839,Q05397,7.166666666666666,COC1=CC=C(C=C1)NC2=NN3C(=N2)C=CC=C3C4=CC=C(C=C4)S(=O)(=O)C
29840,Q05397,7.17,CN1CCC(CC1)NC(=O)C2=CC(=C(C=C2)NC3=NC=C(C(=N3)OC4=CC=CC(=C4)C(=O)N(C)C)C(F)(F)F)OC
29841,Q05397,7.176666666666668,CN1CCN(CC1)C2CCN(CC2)C3=CC(=CC=C3)NC4=NN5C=CC=C(C5=N4)C6=CC=C(C=C6)S(=O)(=O)C
29842,Q05397,7.179999999999999,CN1CCN(CC1)C2=CC=C(C=C2)NC3=NN4C(=N3)C=CC=C4C5=CC=C(C=C5)S(=O)(=O)C
29843,Q05397,7.18,CS(=O)(=O)C1=CC=CC=C1CNC2=CC=CN3C2=NC(=N3)NC4=CC=C(C=C4)OCCN5CCCC5
29844,Q05397,7.18,CC(C)(C)OC(=O)N1CC[C@H]([C@H](C1)O)C2=CC(=CC=C2)NC3=NN4C=CC=C(C4=N3)C5=CC=C(C=C5)S(=O)(=O)C
29845,Q05397,7.183333333333333,CN1CCN(CC1)CC2=CC(=CC=C2)NC3=NN4C(=N3)C=CC=C4C5=CC=C(C=C5)S(=O)(=O)C
29846,Q05397,7.19,CN1CCN(CC1)C2=CC=C(C=C2)NC3=NN4C=CC=C(C4=N3)C5=CC=C(C=C5)C(F)(F)F
29847,Q05397,7.19,CN1CCC(CC1)NC(=O)C2=CC(=C(C=C2)NC3=NC=C(C(=N3)OC4=CN=CC=C4)C(F)(F)F)OC
29848,Q05397,7.19,CN1CCC(CC1)NC(=O)C2=CC(=C(C=C2)NC3=NC=C(C(=N3)OC4=CC(=CC=C4)Cl)C(F)(F)F)OC
29849,Q05397,7.19,CN1CCC(CC1)NC(=O)C2=CC(=C(C=C2)NC3=NC=C(C(=N3)SC4=CC=CC=C4)C(F)(F)F)OC
29850,Q05397,7.19,CN1CCC(CC1)NC(=O)C2=CC(=C(C=C2)NC3=NC=C(C(=N3)OC4=CC=C(C=C4)C(=O)N(C)C)C(F)(F)F)OC
29851,Q05397,7.196666666666665,CN1CCN(CC1)C2=CC=C(C=C2)NC3=NN4C=CC=C(C4=N3)NCC5=CC=CC=C5S(=O)(=O)C
29852,Q05397,7.196666666666666,C1CNCCC1C2=CC=C(C=C2)NC3=NN4C=CC=C(C4=N3)C5=CN(N=C5)C6=CC=C(C=C6)F
29853,Q05397,7.196666666666666,CS(=O)(=O)C1=CC=CC(=C1)C2=CC=CC3=NC(=NN32)NC4=CC=C(C=C4)N5CCOCC5
29854,Q05397,7.2,COC1=CC(=CC(=C1OC)OC)NC2=NC=C3C=CN(C3=N2)C4=CC=CC(=C4)CC#N
29855,Q05397,7.2,CC(C)CNC(=O)CCC1=CC(=CC=C1)N2C=CC3=CN=C(N=C32)NC4=CC(=C(C(=C4)OC)OC)OC
29856,Q05397,7.21,C1CN(CCN1)CC2=CC=C(C=C2)NC3=NC=C(C(=N3)CCC4=CC=CC(=C4)C(=O)N)C(F)(F)F
29857,Q05397,7.21,CN1CCC(CC1)NC(=O)C2=CC(=C(C=C2)NC3=NC=C(C(=N3)OCC(=O)OC)C(F)(F)F)OC
29858,Q05397,7.21,CNC(=O)C1=CC=C(C=C1)OC2=NC(=NC=C2C(F)(F)F)NC3=C(C=C(C=C3)C(=O)NC4CCN(CC4)C)OC
29859,Q05397,7.215,CNC(=O)C1=CC=CC=C1NC2=C3C=C(NC3=NC=C2C(F)(F)F)C4=CC=C(C=C4)N5CCOCC5
29860,Q05397,7.22,COC1=CC(=C(C=C1)NC2=NC=C(C(=N2)OC3=CC=CC4=C3C(=O)CC4)F)OC
29861,Q05397,7.225,CS(=O)(=O)C1=CC=CC(=C1)C2=CC=CN3C2=NC(=N3)NC4=CC=C(C=C4)N5CCOCC5
29862,Q05397,7.23,CS(=O)(=O)C1=CC=CC=C1CNC2=NC(=NC=C2C(F)(F)F)NC3=CC4=C(C=C3)NC(=O)C4
29863,Q05397,7.236666666666666,CN(C1=CC=CC=C1CNC2=CC=CN3C2=NC(=N3)NC4=CC=C(C=C4)OCCN5CCCC5)S(=O)(=O)C
29864,Q05397,7.2399999999999975,CN1CC2=C(C1)C=C(C=C2)NC3=NN4C=CC=C(C4=N3)NCC5=C(N=CC=C5)N(C)S(=O)(=O)C
29865,Q05397,7.24,CC(=O)C1=CC=CC=C1OC2=NC(=NC=C2C(F)(F)F)NC3=C(C=C(C=C3)C(=O)NC4CCN(CC4)C)OC
29866,Q05397,7.24,CNC(=O)C1=CC=CC=C1NC2=C3C=C(NC3=NC=C2C(F)(F)F)C4=CN=CC=C4
29867,Q05397,7.25,CS(=O)(=O)C1=CC=CC(=C1)C2=CC=CN3C2=NC(=N3)NC4=CC=C(C=C4)OCCN5CCCC5
29868,Q05397,7.25,CN1CCC(CC1)NC(=O)C2=CC(=C(C=C2)NC3=NC=C(C(=N3)OCC4CCCCN4C)C(F)(F)F)OC
29869,Q05397,7.253333333333333,CS(=O)(=O)C1=CC=CC(=C1)C2=CC=CC3=NC(=NN32)NC4=CC=C(C=C4)CN5CCOCC5
29870,Q05397,7.253333333333333,CCN1CCP(=O)(CC1)C2=CC=C(C=C2)NC3=NN4C=CC=C(C4=N3)C5=CC=C(C=C5)S(=O)(=O)C
29871,Q05397,7.253333333333333,CS(=O)(=O)C1=CC=C(C=C1)C2=CC=CN3C2=NC(=N3)NC4=CC=C(C=C4)CN5CCOCC5
29872,Q05397,7.26,CC1=CC(=NN1)NC2=NC(=NC(=C2)N3CCN(CC3)C)/C=C/C4=CC=CC=C4
29873,Q05397,7.26,CS(=O)(=O)C1=CC=C(C=C1)C2=CC=CN3C2=NC(=N3)NC4=CC=CC(=C4)[C@@H]5CCNC[C@@H]5O
29874,Q05397,7.2650000000000015,COC1=CC=CC(=C1)NC2=NN3C(=N2)C=CC=C3C4=CC(=CC=C4)S(=O)(=O)C
29875,Q05397,7.2666666666666675,CN1CCN(CC1)CC2=CC=C(C=C2)NC3=NN4C=CC=C(C4=N3)C5=CC=C(C=C5)S(=O)(=O)C
29876,Q05397,7.27,CN(C)CCCNC(=O)C1=CC(=CC=C1)N2C=CC3=CN=C(N=C32)NC4=CC(=C(C(=C4)OC)OC)OC
29877,Q05397,7.28,CN1CCC(CC1)NC(=O)C2=CC(=C(C=C2F)NC3=NC=C(C(=N3)OC4=CC=CC=C4C(=O)N)C(F)(F)F)OC
29878,Q05397,7.28,CN1CC2=C(C1=O)C(=CC=C2)OC3=NC(=NC=C3Cl)NC4=C(C=C(C(=C4)Cl)C(=O)OCC5=CC=CC=C5)OC
29879,Q05397,7.283333333333332,CN1CCC(CC1)C2=CC=C(C=C2)NC3=NN4C=CC=C(C4=N3)NCC5=CC=CC=C5N(C)S(=O)(=O)C
29880,Q05397,7.29,CCC1=C(C=CC(=C1)C(=O)N(C)C)NC2=NC=C(C(=N2)OC3=CC=CC4=C3C(=O)CC4)C(F)(F)F
29881,Q05397,7.296666666666666,CS(=O)(=O)C1=CC=C(C=C1)C2=CC=CN3C2=NC(=N3)NC4=CN(N=C4)C5CCNCC5
29882,Q05397,7.3,CNC(=O)C1=CC=CC=C1NC2=NC(=NC3=NC=CN32)NC4=CC=C(C=C4)CNC(=O)OC=C
29883,Q05397,7.305,CN(C1=CC=CC=C1CNC2=CC=CN3C2=NC(=N3)NC4=CC5=C(CCC(CC5)N6CCOCC6)C=C4)S(=O)(=O)C
29884,Q05397,7.306666666666667,C[C@H](CN1CCN(CC1)C2=CC(=CC=C2)NC3=NN4C=CC=C(C4=N3)C5=CC=C(C=C5)S(=O)(=O)C)O
29885,Q05397,7.3066666666666675,CS(=O)(=O)C1=CC=C(C=C1)C2=CC=CN3C2=NC(=N3)NC4=CC=CC(=C4)N5CCN(CC5)CC(=O)N
29886,Q05397,7.31,CNC(=O)CC1=CC=C(C=C1)OC2=NC(=NC=C2C(F)(F)F)NC3=C(C=C(C=C3)C(=O)NC4CCN(CC4)C)OC
29887,Q05397,7.313333333333333,CN1CCN(CC1)C2=CC(=CC=C2)NC3=NN4C=CC=C(C4=N3)C5=CC=C(C=C5)S(=O)(=O)C
29888,Q05397,7.314999999999999,CCN1CCCC(C1)C2=CC=C(C=C2)NC3=NC=C(C(=N3)CCC4=C(C=CC=N4)CC(=O)N)C(F)(F)F
29889,Q05397,7.32,CN1CCC(CC1)NC(=O)C2=CC(=C(C=C2F)NC3=NC=C(C(=N3)OC4=CC=CC=C4)C(F)(F)F)OC
29890,Q05397,7.32,CN(C1=CC=CC(=C1)C2=CC=C3N2N=C(N=C3)NC4=CC=C(C=C4)C5CCN(CC5)CC(=O)N)S(=O)(=O)C
29891,Q05397,7.33,CN1CCC(CC1)NC(=O)C2=CC(=C(C=C2)NC3=NC=C(C(=N3)OC4=C(C=CC(=C4)OC)C#N)C(F)(F)F)OC
29892,Q05397,7.33,CC(=O)C1=CC(=CC=C1)OC2=NC(=NC=C2C(F)(F)F)NC3=C(C=C(C=C3)C(=O)NC4CCN(CC4)C)OC
29893,Q05397,7.34,CN(C1=CC=CC=C1C2=CC(=C3N2N=C(N=C3)NC4=CC=C(C=C4)C5CCN(CC5)CC(=O)N)Cl)S(=O)(=O)C
29894,Q05397,7.34,C1C2=C(C=CC(=C2)NC3=NC=C(C(=N3)NCC4=CC=CC=N4)Br)NC1=O
29895,Q05397,7.34,CN1CCN(CC1)C2=CC=C(C=C2)NC3=NN4C=CC=C(C4=N3)C#CC5=CC=CC=C5N(C)S(=O)(=O)C
29896,Q05397,7.353333333333333,COC1=CC=C(C=C1)NC2=NN3C=CC=C(C3=N2)C4=CN(N=C4)S(=O)(=O)C
29897,Q05397,7.363333333333332,COC1=CC=CC(=C1)NC2=NN3C=CC=C(C3=N2)C4=CC=C(C=C4)S(=O)(=O)C
29898,Q05397,7.37,CN1CCC(CC1)NC(=O)C2=CC(=C(C=C2)NC3=NC=C(C(=N3)OC4=CC=CC5=C4C=CN5)C(F)(F)F)OC
29899,Q05397,7.376666666666666,CS(=O)(=O)C1=CC=C(C=C1)C2=CC=CC3=NC(=NN32)NC4=CC=CC(=C4)CN5CCOCC5
29900,Q05397,7.376666666666668,CN1CCN(CC1)C2=CC=C(C=C2)NC3=NN4C=CC=C(C4=N3)NCC5=CC=CC=C5N(C)S(=O)(=O)C
29901,Q05397,7.39,CN1CCC(CC1)NC(=O)C2=CC(=C(C=C2)NC3=NC=C(C(=N3)OC4=CC=CC(=C4)CC(=O)N(C)C)C(F)(F)F)OC
29902,Q05397,7.39,CN(C)C(=O)CN1CCC(CC1)C2=CC=C(C=C2)NC3=NN4C=CC=C(C4=N3)C5=CN(N=C5)C6=CC=C(C=C6)F
29903,Q05397,7.393333333333333,COC1=CC=C(C=C1)NC2=NN3C=CC=C(C3=N2)C4=CC=C(C=C4)S(=O)(=O)C
29904,Q05397,7.4,CN1CCC(CC1)NC(=O)C2=CC(=C(C=C2)NC3=NC=C(C(=N3)OCC4CCCCO4)C(F)(F)F)OC
29905,Q05397,7.41,CN1CCC(CC1)NC(=O)C2=CC(=C(C=C2)NC3=NC=C(C(=N3)OC4=CC=C(C=C4)CC(=O)N)C(F)(F)F)OC
29906,Q05397,7.41,CN1CCC(CC1)NC(=O)C2=CC(=C(C=C2)NC3=NC=C(C(=N3)OCCN4CCCC4=O)C(F)(F)F)OC
29907,Q05397,7.413333333333332,CS(=O)(=O)C1=CC=C(C=C1)C2=CC=CN3C2=NC(=N3)NC4=CC=CC(=C4)N5CCNCC5
29908,Q05397,7.416666666666666,CS(=O)(=O)C1=CC=C(C=C1)C2=CC=CN3C2=NC(=N3)NC4=CC=C(C=C4)S(=O)(=O)C
29909,Q05397,7.42,C1CC(=O)NC2=C1C=C(C=C2)NC3=NC=C(C(=N3)NCC4=CC=CC=N4)C(F)(F)F
29910,Q05397,7.42,C[C@@H](CN1CCN(CC1)C2=CC(=CC=C2)NC3=NN4C=CC=C(C4=N3)C5=CC=C(C=C5)S(=O)(=O)C)O
29911,Q05397,7.42,COC1=CC(=CC(=C1OC)OC)NC2=NC=C3C=CN(C3=N2)C4=CC=CC(=C4)C(=O)O
29912,Q05397,7.42,CN(C)CCNC(=O)C1=CC(=CC=C1)N2C=CC3=CN=C(N=C32)NC4=CC(=C(C(=C4)OC)OC)OC
29913,Q05397,7.42,CN1CCC(CC1)NC(=O)C2=CC(=C(C=C2)NC3=NC=C(C(=N3)OC4=CC5=C(C=C4)N=CN5)C(F)(F)F)OC
29914,Q05397,7.42,CCN(C1=CC=CC=C1OC2=NC(=NC=C2C(F)(F)F)NC3=C(C=C(C(=C3)F)C(=O)NC4CCN(CC4)C)OC)S(=O)(=O)C
29915,Q05397,7.426666666666666,CS(=O)(=O)C1=CC=C(C=C1)C2=CC=CC3=NC(=NN32)NC4=CC=C(C=C4)S(=O)(=O)C
29916,Q05397,7.426666666666668,CS(=O)(=O)C1=CC=C(C=C1)C2=CC=CN3C2=NC(=N3)NC4=CC=CC(=C4)CN5CCS(=O)(=O)CC5
29917,Q05397,7.43,CN1CCC(CC1)C2=CC=C(C=C2)NC3=NC=C(C(=N3)CCC4=NC=NC=C4CC(=O)N)C(F)(F)F
29918,Q05397,7.43,COC1=CC(=CC(=C1OC)OC)NC2=NC=C3C=CN(C3=N2)C4=CC=CC(=C4)CC(=O)O
29919,Q05397,7.433333333333333,COC1=CC=C(C=C1)NC2=NN3C(=N2)C=CC=C3C4=CC=C(C=C4)CN5CCS(=O)(=O)CC5
29920,Q05397,7.44,CN1CC2=C(C1=O)C(=CC=C2)OC3=NC(=NC=C3C(F)(F)F)NC4=CC=C(C=C4)OC5CCOCC5
29921,Q05397,7.44,CN1CCC(CC1)NC(=O)C2=CC(=C(C=C2)NC3=NC=C(C(=N3)OC4=CC=C(C=C4)CC(=O)N(C)C)C(F)(F)F)OC
29922,Q05397,7.44,CN1CCC(CC1)NC(=O)C2=CC(=C(C=C2)NC3=NC=C(C(=N3)OCC4=C(C(=CC=C4)OC)OC)C(F)(F)F)OC
29923,Q05397,7.44,CNC(=O)CC1=CC(=CC=C1)OC2=NC(=NC=C2C(F)(F)F)NC3=C(C=C(C=C3)C(=O)NC4CCN(CC4)C)OC
29924,Q05397,7.446666666666665,CN1CC2=C(C1)C=C(C=C2)NC3=NN4C=CC=C(C4=N3)C5=CC=C(C=C5)S(=O)(=O)C
29925,Q05397,7.449999999999998,CN1CCN(CC1)C2=CC=C(C=C2)NC3=NN4C=CC=C(C4=N3)OCC5=CC=CC=C5N(C)S(=O)(=O)C
29926,Q05397,7.449999999999998,CS(=O)(=O)C1=CC=C(C=C1)C2=CC=CN3C2=NC(=N3)NC4=CC5=C(CCC(CC5)N6CCOCC6)C=C4
29927,Q05397,7.449999999999998,CN1CCN(CC1)C2=CC=C(C=C2)NC3=NN4C=CC=C(C4=N3)C5=CC=C(C=C5)S(=O)(=O)N(C)C
29928,Q05397,7.456666666666668,CC(C)S(=O)(=O)C1=CC=C(C=C1)C2=CC=CN3C2=NC(=N3)NC4=CC=CC(=C4)N5CCN(CC5)C
29929,Q05397,7.46,COC1=CC=C(C=C1)NC2=NC=C(C(=N2)OC3=CC=CC4=C3C(=O)CC4)C#N
29930,Q05397,7.46,COC1=CC(=CC(=C1OC)OC)NC2=NC=C3C=CN(C3=N2)C4=CC=CC(=C4)CCC(=O)O
29931,Q05397,7.462499999999999,CNC(=O)CC1=CC=CC=C1CCC2=NC(=NC=C2C(F)(F)F)NC3=CC=C(C=C3)N4CCNCC4
29932,Q05397,7.47,CC(C)C1=CN=C(N=C1OC2=CC=CC3=C2C(=O)CC3)NC4=CC=C(C=C4)OC
29933,Q05397,7.47,C1C2=C(C=CC(=C2)NC3=NC=C(C(=N3)NCC4=CC=CC=C4)C(F)(F)F)NC1=O
29934,Q05397,7.4899999999999975,CS(=O)(=O)C1=CC=C(C=C1)C2=CC=CN3C2=NC(=N3)NC4=CC=C(C=C4)CN5CCS(=O)(=O)CC5
29935,Q05397,7.489999999999998,CN1CCN(CC1)CC2=CC=C(C=C2)NC3=NN4C(=N3)C=CC=C4C5=CC=C(C=C5)S(=O)(=O)C
29936,Q05397,7.49,CS(=O)(=O)C1=CC=C(C=C1)C2=CC=CC3=NC(=NN32)NC4=CC=C(C=C4)OCCN5CCCC5
29937,Q05397,7.49,CN1CCC(CC1)C2=CC=C(C=C2)NC3=NC=C(C(=N3)CCC4=NC=CC(=C4)C(=O)N)C(F)(F)F
29938,Q05397,7.495,C1CNCCC1C2=CC=C(C=C2)NC3=NC=C(C(=N3)CCC4=NC=CN=C4CC(=O)N)C(F)(F)F
29939,Q05397,7.5,CC(C)(C)OC(=O)N1CCC(CC1)N2C=C(C=N2)NC3=NN4C=CC=C(C4=N3)C5=CC=C(C=C5)S(=O)(=O)C
29940,Q05397,7.506666666666666,CN1CCN(CC1)C2=CC=C(C=C2)NC3=NN4C=CC=C(C4=N3)C5=CC=C(C=C5)S(=O)(=O)C
29941,Q05397,7.51,CS(=O)(=O)C1=CC=C(C=C1)C2=CC=CN3C2=NC(=N3)NC4=CC=C(C=C4)OCCN5CCOCC5
29942,Q05397,7.51,CN(C1=CC=C(C=C1)C2=CC=CN3C2=NC(=N3)NC4=CC=C(C=C4)CN5CCS(=O)(=O)CC5)S(=O)(=O)C
29943,Q05397,7.51,CN1CCC(CC1)NC(=O)C2=CC(=C(C=C2)NC3=NC=C(C(=N3)OC4=C(C(=CC=C4)F)C#N)C(F)(F)F)OC
29944,Q05397,7.52,CN1CCC(CC1)NC(=O)C2=CC(=C(C=C2)NC3=NC=C(C(=N3)OC4=C(C=C(C=C4)Br)C#N)C(F)(F)F)OC
29945,Q05397,7.52,CN1CCC(CC1)NC(=O)C2=CC(=C(C=C2)NC3=NC=C(C(=N3)OC4=C(C=CC(=C4)Br)C#N)C(F)(F)F)OC
29946,Q05397,7.52,CC(C)S(=O)(=O)C1=CC=C(C=C1)C2=CC=CN3C2=NC(=N3)NC4=CC=C(C=C4)N5CCN(CC5)C
29947,Q05397,7.52,CN1CCC(CC1)NC(=O)C2=CC(=C(C=C2)NC3=NC=C(C(=N3)OC4=CC=C(C=C4)C(=O)N)C(F)(F)F)OC
29948,Q05397,7.533333333333332,CS(=O)(=O)C1=CC=C(C=C1)C2=CC=CN3C2=NC(=N3)NC4=CC=CC(=C4)N5CCOCC5
29949,Q05397,7.54,CC(C)C1=CN=C(N=C1OC2=CC=CC3=C2C(=O)CC3)NC4=C(C=C(C=C4)OC)OC
29950,Q05397,7.54,COC1=CC(=CC(=C1OC)OC)NC2=NC=C3C=CN(C3=N2)C4=CC=CC(=C4)C(=O)NCCN
29951,Q05397,7.54,CN1CCN(CC1)C2=CC(=C(C=C2)NC3=NC=C(C(=N3)OC4=CC=CC5=C4C(=O)CC5)F)OC
29952,Q05397,7.543333333333332,CC(C)(C)OC(=O)N1CCN(CC1)C2=CC=C(C=C2)NC3=NN4C(=N3)C=CC=C4C5=CC=C(C=C5)S(=O)(=O)C
29953,Q05397,7.546666666666668,CS(=O)(=O)C1=CC=C(C=C1)C2=CC=CC3=NC(=NN32)NC4=CC=CC(=C4)CN5CCS(=O)(=O)CC5
29954,Q05397,7.55,CN1CCC(C1)OC2=C(C=C(C(=C2)OC)NC3=NC=C(C(=N3)OC4=CC=CC5=C4C(=O)N(C5)C)C(F)(F)F)F
29955,Q05397,7.5566666666666675,CN1CCC(CC1)C2=CC=C(C=C2)NC3=NN4C=CC=C(C4=N3)C5=CC=C(C=C5)S(=O)(=O)C
29956,Q05397,7.559999999999999,CN1CCN(CC1)C2=CC(=CC=C2)NC3=NN4C=CC=C(C4=N3)C5=CC=C(C=C5)N(C)S(=O)(=O)C
29957,Q05397,7.564999999999999,C1CNCCC1C2=CC=C(C=C2)NC3=NC=C(C(=N3)CCC4=NC=NC=C4CC(=O)N)C(F)(F)F
29958,Q05397,7.57,CCN(C1=CC=CC=C1OC2=NC(=NC=C2C(F)(F)F)NC3=C(C=C(C=C3)C(=O)NC4CCN(CC4)C)OC)S(=O)(=O)C
29959,Q05397,7.579999999999999,CS(=O)(=O)C1=CC=C(C=C1)C2=CC=CC3=NC(=NN32)NC4=CC=C(C=C4)CN5CCS(=O)(=O)CC5
29960,Q05397,7.583333333333332,CN1CC2=C(C1)C=C(C=C2)NC3=NN4C=CC=C(C4=N3)NCC5=CC=CC=C5N(C)S(=O)(=O)C
29961,Q05397,7.585714285714286,CS(=O)(=O)C1=CC=CC(=C1)CNC2=NC(=NC=C2C(F)(F)F)NC3=CC4=C(C=C3)NC(=O)CC4
29962,Q05397,7.59,CC(C)(C)OC(=O)N1CCN(CC1)C2=CC=C(C=C2)NC3=NN4C(=N3)C=CC=C4C5=CC=CC=C5
29963,Q05397,7.59,C1CC(=O)C2=C1C=CC=C2OC3=NC(=NC=C3C(F)(F)F)NC4=CC=C(C=C4)C(=O)O
29964,Q05397,7.59,CN1CCC(CC1)NC(=O)C2=CC(=C(C=C2)NC3=NC=C(C(=N3)OC4=CC=CC5=C4C(=O)CC5)F)OC
29965,Q05397,7.6,CN1CCC(CC1)NC(=O)C2=CC(=C(C=C2)NC3=NC=C(C(=N3)OC4=CC=CC(=C4)C(=O)N)C(F)(F)F)OC
29966,Q05397,7.6066666666666665,CN1CCN(CC1)C2=CC(=CC=C2)NC3=NN4C(=N3)C=CC=C4C5=CC=C(C=C5)CN6CCS(=O)(=O)CC6
29967,Q05397,7.64,CCN1CCC(CC1)C2=CC=C(C=C2)NC3=NC=C(C(=N3)CCC4=C(C=CC=N4)CC(=O)N)C(F)(F)F
29968,Q05397,7.67,CN1CCC(CC1)C2=CC(=CC=C2)NC3=NN4C=CC=C(C4=N3)C5=CC=C(C=C5)S(=O)(=O)C
29969,Q05397,7.673333333333333,CN1CCN(CC1)C2CCN(CC2)C3=CC=C(C=C3)NC4=NN5C=CC=C(C5=N4)C6=CC=C(C=C6)S(=O)(=O)C
29970,Q05397,7.68,COC1=CC=CC=C1C2=CC=C3N2N=C(N=C3)NC4=C(C=C(C=C4)C5CCN(CC5)CC(=O)N)OC
29971,Q05397,7.6800000000000015,CS(=O)(=O)C1=CC=C(C=C1)C2=CC=CN3C2=NC(=N3)NC4=CC=C(C=C4)N5CCOCC5
29972,Q05397,7.689999999999999,CS(=O)(=O)C1=CC=C(C=C1)C2=CC=CN3C2=NC(=N3)NC4=CC=CC(=C4)CN5CCOCC5
29973,Q05397,7.6933333333333325,CS(=O)(=O)C1=CC=C(C=C1)C2=CC=CN3C2=NC(=N3)NC4=CC=C(C=C4)OCCN5CCCC5
29974,Q05397,7.695,C1CNCC1C2=CC=C(C=C2)NC3=NC=C(C(=N3)CCC4=CC=CC=C4CC(=O)N)C(F)(F)F
29975,Q05397,7.7,CN1CCCC(C1)C2=CC=C(C=C2)NC3=NC=C(C(=N3)CCC4=CC=CC=C4CC(=O)N)C(F)(F)F
29976,Q05397,7.7,CN1CCC(CC1)NC(=O)C2=CC(=C(C=C2)NC3=NC=C(C(=N3)OC4=C(C=C(C=C4)Cl)C#N)C(F)(F)F)OC
29977,Q05397,7.7,CN1CCC(CC1)C2=CC=C(C=C2)NC3=NC=C(C(=N3)CCC4=C(C=CC=N4)CC(=O)N)C(F)(F)F
29978,Q05397,7.713333333333333,CS(=O)(=O)C1=CC=C(C=C1)C2=CC=CN3C2=NC(=N3)NC4=CC=CC(=C4)[C@@H]5CCN(C[C@@H]5O)CC(=O)N
29979,Q05397,7.713333333333333,CN1CCN(CC1)C2=CC=C(C=C2)NC3=NN4C=CC=C(C4=N3)C5=CC=C(C=C5)N(C)S(=O)(=O)C
29980,Q05397,7.713333333333333,CS(=O)(=O)CCN1CCC(CC1)C2=CC(=CC=C2)NC3=NN4C=CC=C(C4=N3)C5=CC=C(C=C5)S(=O)(=O)C
29981,Q05397,7.716666666666668,CS(=O)(=O)C1=CC=C(C=C1)C2=CC=CC3=NC(=NN32)NC4=CC=C(C=C4)CN5CCOCC5
29982,Q05397,7.72,C1C2=C(C=CC(=C2)NC3=NC=C(C(=N3)NCC4=CC=CC=N4)C(F)(F)F)NC1=O
29983,Q05397,7.72,CN1CCC(CC1)NC(=O)C2=CC(=C(C=C2)NC3=NC=C(C(=N3)OC4=CC=CC=C4C5=NOC=C5)C(F)(F)F)OC
29984,Q05397,7.72,CN1CCC(CC1)NC(=O)C2=CC(=C(C=C2)NC3=NC=C(C(=N3)OC4=CC=CC5=C4N=CN5)C(F)(F)F)OC
29985,Q05397,7.723333333333333,C1CNCC2=C1C=C(C=C2)NC3=NC=C(C(=N3)CCC4=CC=CC=C4CC(=O)N)C(F)(F)F
29986,Q05397,7.7366666666666655,CC(C1=CC=CC=C1CCC2=NC(=NC=C2C(F)(F)F)NC3=CC=C(C=C3)C4CCNCC4)C(=O)N
29987,Q05397,7.736666666666666,CN1CCN(CC1)CC2=CC=C(C=C2)NC3=NC=C(C(=N3)CCC4=CC=CC=C4CC(=O)N)C(F)(F)F
29988,Q05397,7.744999999999999,C1CC(CNC1)C2=CC=C(C=C2)NC3=NC=C(C(=N3)CCC4=C(C=CC=N4)CC(=O)N)C(F)(F)F
29989,Q05397,7.753333333333333,CS(=O)(=O)C1=CC=C(C=C1)C2=CC=CC3=NC(=NN32)NC4=CC=C(C=C4)N5CCOCC5
29990,Q05397,7.76,C[C@@H](C1=NC=C(C=C1)F)NC2=NC3=C(C=C2)N=CN3C4=CC(=NN4)OC(C)C
29991,Q05397,7.76,CN1CCN(CC1)C2=CC=C(C=C2)NC3=NC=C(C(=N3)CCC4=CC=CC(=C4)C(=O)N)C(F)(F)F
29992,Q05397,7.77,CC1=C(C=C(C=C1)CCC2=NC(=NC=C2C(F)(F)F)NC3=CC=C(C=C3)N4CCNCC4)C(=O)N
29993,Q05397,7.77,CN1CCC(CC1)NC(=O)C2=CC(=C(C=C2)NC3=NC=C(C(=N3)OC4=CC=CC(=C4)CC(=O)N)C(F)(F)F)OC
29994,Q05397,7.77,C[C@@H]1C2=C(C=CC(=C2)F)C(=O)N(CC3=NN(C(=C3C4=CC(=C(N=C4)N)O1)C#N)C)C
29995,Q05397,7.77,COC1=CC(=CC(=C1OC)OC)NC2=NN3C(=CC=C3C4=CC=CC=C4)C=N2
29996,Q05397,7.7766666666666655,CN1CCN(CC1)C2=CC=C(C=C2)NC3=NN4C(=N3)C=CC=C4C5=CC=C(C=C5)CN6CCS(=O)(=O)CC6
29997,Q05397,7.7799999999999985,CN1CCN(CC1)C2=CC(=CC=C2)NC3=NC=C(C(=N3)CCC4=CC=CC=C4CC(=O)N)C(F)(F)F
29998,Q05397,7.8,CC1=C(SC(=N1)[C@@](C)(CO)O)C2=CC(=C(N=C2)N)O[C@H](C)C3=C(C=CC(=C3)F)N4N=CC=N4
29999,Q05397,7.8,CN1CCC(CC1)NC(=O)C2=CC(=C(C=C2)NC3=NC=C(C(=N3)OCC4=CC(=CC=C4)OC)C(F)(F)F)OC
30000,Q05397,7.8,C1=CC=NC(=C1)CNC2=NC(=NC=C2C(F)(F)F)NC3=CC4=C(C=C3)NN=C4
30001,Q05397,7.8,CC1CC(=O)C2=C(C=CC(=C12)Cl)OC3=NC(=NC=C3C(F)(F)F)NC4=C(C=C(C(=C4)F)C(=O)NC5CCN(CC5)C)OC
30002,Q05397,7.8,CN1CCC(CC1)NC(=O)C2=CC(=C(C=C2)NC3=NC=CC(=N3)OC4=CC=CC5=C4C(=O)N(C5)C)OC
30003,Q05397,7.81,C1CCNC(C1)C2=CC=C(C=C2)NC3=NC=C(C(=N3)CCC4=CC=CC=C4CC(=O)N)C(F)(F)F
30004,Q05397,7.82,CC1=C2CCC(=O)C2=C(C=C1)OC3=NC(=NC=C3C(F)(F)F)NC4=C(C=C(C(=C4)Cl)C(=O)N[C@H]5CCN(C5)C)OC
30005,Q05397,7.82,CN1CCC(CC1)NC(=O)C2=CC(=C(C=C2)NC3=NC=C(C(=N3)OCC4CCCO4)C(F)(F)F)OC
30006,Q05397,7.83,CN1CCC(CC1)C2=CC=C(C=C2)NC3=NC=C(C(=N3)CCC4=NC=CN=C4CC(=O)N)C(F)(F)F
30007,Q05397,7.83,CN1CCN(CC1)C2=CC(=CC=C2)NC3=NC=C(C(=N3)CCC4=CC=CC(=C4)C(=O)N)C(F)(F)F
30008,Q05397,7.833333333333332,CS(=O)(=O)C1=CC=C(C=C1)C2=CC=CN3C2=NC(=N3)NC4=CC=CC(=C4)C5CCN(CC5)CC(=O)N
30009,Q05397,7.843333333333333,CCN1CCC(CC1)C2=CC=C(C=C2)NC3=NC=C(C(=N3)CCC4=CC=CC=C4CC(=O)N)C(F)(F)F
30010,Q05397,7.849999999999998,C1CN(CCN1)CC2=CC=C(C=C2)NC3=NC=C(C(=N3)CCC4=CC=CC=C4CC(=O)N)C(F)(F)F
30011,Q05397,7.85,CN1CC2=C(C1=O)C(=CC=C2)OC3=NC(=NC=C3C(F)(F)F)NC4=CC=C(C=C4)O[C@H]5CCOC5
30012,Q05397,7.909999999999998,CN1CCN(CC1)C2=CC=C(C=C2)NC3=NN4C=CC=C(C4=N3)C5=CC=C(C=C5)CS(=O)(=O)C
30013,Q05397,7.92,COC1=C(C=CC(=C1)N2C=CN=N2)NC3=NC=C(C(=N3)OC4=CC=CC5=C4C(=O)CC5)C(F)(F)F
30014,Q05397,7.92,COC1=C(C=CC(=C1)C(=O)NC2CCN(CC2)C3=NC=CC=N3)NC4=NC=C(C(=N4)OC5=CC=CC6=C5C(=O)CC6)C(F)(F)F
30015,Q05397,7.92,CN1CCC(CC1)NC(=O)C2=CC(=C(C=C2)NC3=NC=C(C(=N3)OC4=CC=CC=C4C5=CSN=N5)C(F)(F)F)OC
30016,Q05397,7.92,CC1=CC(=C(C=C1)NS(=O)(=O)C)OC2=NC(=NC=C2C(F)(F)F)NC3=C(C=C(C=C3)C(=O)NC4CCN(CC4)C)OC
30017,Q05397,7.92,CN1CCC(CC1)NC(=O)C2=CC(=C(C=C2F)NC3=NC=C(C(=N3)OC4=CC=CC=C4N(C)S(=O)(=O)C)C(F)(F)F)OC
30018,Q05397,7.96,CCC1=C(C=CC(=C1)C(=O)NOC)NC2=NC=C(C(=N2)OC3=CC=CC4=C3C(=O)CC4)C(F)(F)F
30019,Q05397,7.96,CC1=NC2=C(N1C)C=C(C=C2)NC3=NC=C(C(=N3)OC4=CC=CC5=C4C(=O)CC5)C(F)(F)F
30020,Q05397,7.96,CN1CC2=C(C1=O)C(=CC=C2)OC3=NC(=NC=C3C(F)(F)F)NC4=C(C=C(C=C4)OC5CCOCC5)OC
30021,Q05397,7.96,C1CC(=O)C2=C1C=CC=C2OC3=NC(=NC=C3C(F)(F)F)NC4=CC5=C(C=C4)NC(=O)C5
30022,Q05397,7.96,CN1CC2=C(C1=O)C(=CC=C2)OC3=NC(=NC=C3C(F)(F)F)NC4=C(C=C(C=C4)C(=O)NC5CCCCC5)OC
30023,Q05397,7.96,CN1CCC(CC1)NC(=O)C2=CC(=C(C=C2F)NC3=NC=C(C(=N3)OC4=CC=CC=C4C(=O)OC)C(F)(F)F)OC
30024,Q05397,7.963333333333333,C1COC(CN1)C2=CC=C(C=C2)NC3=NC=C(C(=N3)CCC4=CC=CC=C4CC(=O)N)C(F)(F)F
30025,Q05397,8.0,CC1CC(=O)C2=C(C=CC(=C12)Cl)OC3=NC(=NC=C3C(F)(F)F)NC4=C(C=C(C=C4)C(=O)NC5CCN(CC5)C)OC
30026,Q05397,8.0,C1C2=C(C=CC(=C2F)NC3=NC=C(C(=N3)OC4=CC=CC5=C4C(=O)OC5)C(F)(F)F)NC1=O
30027,Q05397,8.0,CC(C)(C)NC(=O)C1=CC(=C(C=C1)NC2=NC=C(C(=N2)OC3=CC=CC4=C3C(=O)CC4)C(F)(F)F)OC
30028,Q05397,8.0,CCC1=C(C=CC(=C1)C(=O)NC2CCN(CC2)CC)NC3=NC=C(C(=N3)OC4=CC=CC5=C4C(=O)CC5)C(F)(F)F
30029,Q05397,8.0,CN1CCC(CC1)NC(=O)C2=CC(=C(C=C2F)NC3=NC=C(C(=N3)OC4=CC=CC5=C4C(=O)N(CCO5)C)C(F)(F)F)OC
30030,Q05397,8.0,CN1CCC(CC1)NC(=O)C2=CC(=C(C=C2)NC3=NC=C(C(=N3)OC4=CC=CC=C4N(C)S(=O)(=O)C)C(F)(F)F)OC
30031,Q05397,8.0,CN1CCC(CC1)NC(=O)C2=CC(=C(C=C2)NC3=NC=C(C(=N3)OC4=C(C=C(C=C4)Cl)NS(=O)(=O)C)C(F)(F)F)OC
30032,Q05397,8.03,CCN1CCC(CC1)C2=CC(=C(C=C2)NC3=NC=C(C(=N3)CC4=CC=CC=C4C(=O)N)C(F)(F)F)OC
30033,Q05397,8.033333333333333,CN1CCC(CC1)C2=CC=C(C=C2)NC3=NC=C(C(=N3)CCC4=CC=CC=C4CC(=O)N)C(F)(F)F
30034,Q05397,8.05,CCC1=C(C=CC(=C1)C(=O)NC2CCN(CC2)C)NC3=NC=C(C(=N3)OC4=CC=CC5=C4C(=O)CC5)C(F)(F)F
30035,Q05397,8.05,CCC1=C(C=CC(=C1)C(=O)NC2CCCN(C2)C)NC3=NC=C(C(=N3)OC4=CC=CC5=C4C(=O)CC5)C(F)(F)F
30036,Q05397,8.05,CC1=C(C(=CC=C1)OC2=NC(=NC=C2C(F)(F)F)NC3=C(C=C(C(=C3)F)C(=O)NC4CCN(CC4)C)OC)C#N
30037,Q05397,8.05,CCC1=C(C=CC(=C1)C(=O)NC)NC2=NC=C(C(=N2)OC3=CC=CC4=C3C(=O)CC4)C(F)(F)F
30038,Q05397,8.05,C1CC(=O)C2=C1C=CC=C2OC3=NC(=NC=C3C(F)(F)F)NC4=C(C5=C(C=C4)NC(=O)C5)F
30039,Q05397,8.05,CN1CC[C@@H]([C@H](C1)F)NC(=O)C2=CC(=C(C=C2F)NC3=NC=C(C(=N3)OC4=CC=CC5=C4C(=O)CC5)C(F)(F)F)OC
30040,Q05397,8.05,CS(=O)(=O)C1=CC=CC(=C1)CNC2=NC(=NC=C2C(F)(F)F)NC3=CC4=C(C=C3)NC(=O)C4
30041,Q05397,8.05,CN1CCC(CC1)NC(=O)C2=CC(=C(C=C2)NC3=NC=C(C(=N3)OC4=CC=CC5=C4C(=O)N(CCO5)C)C(F)(F)F)OC
30042,Q05397,8.085,COC1=CC=C(C=C1)NC2=NN3C=CC=C(C3=N2)C4=CCN(CC4)S(=O)(=O)C
30043,Q05397,8.096666666666664,C1CNCCC1C2=CC=C(C=C2)NC3=NC=C(C(=N3)CCC4=CC=CC=C4CC(=O)N)C(F)(F)F
30044,Q05397,8.1,CCC1=C(C=CC(=C1)C(=O)NC2CCN(CC2)C(C)C)NC3=NC=C(C(=N3)OC4=CC=CC5=C4C(=O)CC5)C(F)(F)F
30045,Q05397,8.1,CN1CC2=C(C1=O)C(=CC=C2)OC3=NC(=NC=C3C(F)(F)F)NC4=C(C=C(C=C4)C(=O)NC5CCC(CC5)(F)F)OC
30046,Q05397,8.1,CN1CCC(CC1)NC(=O)C2=CC(=C(C=C2)NC3=NC=C(C(=N3)OC4=C(C(=CC=C4)Cl)C#N)C(F)(F)F)OC
30047,Q05397,8.1,CN1CCC(CC1)NC(=O)C2=CC(=C(C=C2)NC3=NC=C(C(=N3)OC4=CC=CC=C4C(=O)OC)C(F)(F)F)OC
30048,Q05397,8.14,COC1=C(C=CC(=C1)C2CCNCC2)NC3=NC=C(C(=N3)CCC4=CC=CC(=C4)C(=O)N)C(F)(F)F
30049,Q05397,8.15,COC1=C(C=CC(=C1)C2CCNCC2)NC3=NC=C(C(=N3)CCC4=CC=CC=C4CC(=O)N)C(F)(F)F
30050,Q05397,8.15,CN1CCC(CC1)NC(=O)C2=CC(=C(C=C2F)NC3=NC=C(C(=N3)OC4=CC=CC=C4C#N)C(F)(F)F)OC
30051,Q05397,8.15,CN1CC[C@H]([C@@H](C1)F)NC(=O)C2=CC(=C(C=C2F)NC3=NC=C(C(=N3)OC4=CC=CC5=C4C(=O)CC5)C(F)(F)F)OC
30052,Q05397,8.15,CC1(C(=O)C2=C(O1)C=CC=C2OC3=NC(=NC=C3C(F)(F)F)NC4=C(C=C(C(=C4)F)C(=O)NC5CCN(CC5)C)OC)C
30053,Q05397,8.15,COC1=C(C=CC(=C1)C(=O)NC2CCOCC2)NC3=NC=C(C(=N3)OC4=CC=CC5=C4C(=O)CC5)C(F)(F)F
30054,Q05397,8.185,CC(=O)N1CCN(CC1)C2=CC=C(C=C2)NC3=NC=C(C(=N3)CCC4=CC=CC=C4CC(=O)N)C(F)(F)F
30055,Q05397,8.186666666666667,CNC(=O)C1=CC=CC=C1NC2=NC(=NC=C2Cl)NC3=C(C=C(C=C3)N4CCOCC4)OC
30056,Q05397,8.22,CN1CCC(CC1)NC(=O)C2=CC(=C(C=C2)NC3=NC=C(C(=N3)OC4=C(C=CC=C4Cl)NS(=O)(=O)C)C(F)(F)F)OC
30057,Q05397,8.22,CC1=C2CCC(=O)C2=C(C=C1)OC3=NC(=NC=C3C(F)(F)F)NC4=C(C=C(C(=C4)Cl)C(=O)N[C@@H]5CCN(C5)C)OC
30058,Q05397,8.22,CN1CCC(CC1)NC(=O)C2=CC(=C(C=C2)NC3=NC=C(C(=N3)OC4=CC=CC=C4C#N)C(F)(F)F)OC
30059,Q05397,8.22,CN1CC2=C(C1=O)C(=CC=C2)OC3=NC(=NC=C3C(F)(F)F)NC4=C(C=C(C(=C4)F)C(=O)NC[C@@H]5CCCO5)OC
30060,Q05397,8.22,CC1=C(C=CC(=C1)C(=O)NC2CCC(CC2)(F)F)NC3=NC=C(C(=N3)OC4=CC=CC5=C4C(=O)N(C5)C)C(F)(F)F
30061,Q05397,8.223333333333333,CC(=O)C1CCN(CC1)C2=CC=C(C=C2)NC3=NC=C(C(=N3)CCC4=CC=CC=C4CC(=O)N)C(F)(F)F
30062,Q05397,8.25,CN1CCC(CC1)C2=CC(=C(C=C2)NC3=NC=C(C(=N3)CCC4=CC=CC=C4CC(=O)N)C(F)(F)F)F
30063,Q05397,8.259999999999998,CN1CCN(CC1)C2=CC=C(C=C2)NC3=NC=C(C(=N3)CCC4=CC=CC=C4CC(=O)N)C(F)(F)F
30064,Q05397,8.28,CCC1=C(C=CC(=C1)C2CCNCC2)NC3=NC=C(C(=N3)CCC4=CC=CC=C4CC(=O)N)C(F)(F)F
30065,Q05397,8.3,CN1CC[C@H]([C@@H](C1)F)NC(=O)C2=CC(=C(C=C2)NC3=NC=C(C(=N3)OC4=CC=CC5=C4C(=O)CC5)C(F)(F)F)OC
30066,Q05397,8.3,CC1(C(=O)C2=C(O1)C=CC=C2OC3=NC(=NC=C3C(F)(F)F)NC4=C(C=C(C=C4)C(=O)NC5CCN(CC5)C)OC)C
30067,Q05397,8.3,CCN1CC2=C(C1=O)C(=CC=C2)OC3=NC(=NC=C3C(F)(F)F)NC4=C(C=C(C=C4)C(=O)NC5CCN(CC5)C)OC
30068,Q05397,8.3,CN1CC[C@@H](C1)NC(=O)C2=CC(=C(C=C2Cl)NC3=NC=C(C(=N3)OC4=CC=CC5=C4C(=O)CC5)C(F)(F)F)OC
30069,Q05397,8.3,COC1=C(C=CC(=C1)C(=O)O)NC2=NC=C(C(=N2)OC3=CC=CC4=C3C(=O)CC4)C(F)(F)F
30070,Q05397,8.3,CN1CC[C@@H]([C@@H](C1)F)NC(=O)C2=CC(=C(C=C2F)NC3=NC=C(C(=N3)OC4=CC=CC5=C4C(=O)CC5)C(F)(F)F)OC
30071,Q05397,8.3,CN1CC2=C(C1=O)C(=CC=C2)OC3=NC(=NC=C3C(F)(F)F)NC4=C(C=C(C(=C4)F)C(=O)NCC5CCCO5)OC
30072,Q05397,8.3,CC1=C2CCC(=O)C2=C(C=C1)OC3=NC(=NC=C3C(F)(F)F)NC4=C(C=C(C(=C4)Cl)C(=O)NC5CCN(CC5)C)OC
30073,Q05397,8.303333333333333,C1CN(CCC1N)C2=CC=C(C=C2)NC3=NC=C(C(=N3)CCC4=CC=CC=C4CC(=O)N)C(F)(F)F
30074,Q05397,8.34,C1CN(CCN1)C2=CC=C(C=C2)NC3=NC=C(C(=N3)CCC4=CC=CC=C4CC(=O)N)C(F)(F)F
30075,Q05397,8.350000000000001,COC1=C(C=CC(=C1)C(=O)NC2CCN(CC2)C3CCOCC3)NC4=NC=C(C(=N4)OC5=CC=CC6=C5C(=O)CC6)C(F)(F)F
30076,Q05397,8.375,CN1CCCCC1C2=CC=C(C=C2)NC3=NC=C(C(=N3)CCC4=CC=CC=C4CC(=O)N)C(F)(F)F
30077,Q05397,8.375,C1CNCCC1C2=CC=C(C=C2)NC3=NC=C(C(=N3)CCC4=C(C=CC=N4)CC(=O)N)C(F)(F)F
30078,Q05397,8.38,CC1=C(C=C(C=C1)NC(=O)NC2=CC(=C(C=C2)Cl)C(F)(F)F)C(=O)NC3=C(N(N=C3)CC4=CC=C(C=C4)OC)N
30079,Q05397,8.395,CS(=O)(=O)C1=CC=C(C=C1)C2=CC=CN3C2=NC(=N3)NC4=CC=C(C=C4)N5CCCCC5
30080,Q05397,8.4,CN1CC[C@H]([C@H](C1)F)NC(=O)C2=CC(=C(C=C2Cl)NC3=NC=C(C(=N3)OC4=CC=CC5=C4C(=O)N(C5)C)C(F)(F)F)OC
30081,Q05397,8.4,CN1CCC(CC1)NC(=O)C2=CC(=C(C=C2F)NC3=NC=C(C(=N3)OC4=CC=CC5=C4C(=O)OC5)C(F)(F)F)OC
30082,Q05397,8.4,C1C2=C(C=CC(=C2)NC3=NC=C(C(=N3)OC4=CC=CC5=C4C(=O)OC5)C(F)(F)F)NC1=O
30083,Q05397,8.4,CN1CCC(CC1)NC(=O)C2=CC(=C(C=C2F)NC3=NC=C(C(=N3)OC4=CC=CC5=C4C(=O)CC5)C(F)(F)F)OC
30084,Q05397,8.4,CN1CC2=C(C1=O)C(=CC=C2)OC3=NC(=NC=C3C(F)(F)F)NC4=C(C=C(C=C4)C#CC(=O)N(C)C)OC
30085,Q05397,8.4,COC1=CC(=CC(=C1OC)OC)NC2=NC=C3C=CN(C3=N2)C4=CC=CC(=N4)CCC(=O)O
30086,Q05397,8.4,CN1CC[C@H](C1)NC(=O)C2=CC(=C(C=C2Cl)NC3=NC=C(C(=N3)OC4=CC=CC5=C4C(=O)CC5)C(F)(F)F)OC
30087,Q05397,8.4,C[C@H]1C2=C(C(=CC=C2)OC3=NC(=NC=C3C(F)(F)F)NC4=C(C=C(C(=C4)F)C(=O)NC5CCN(CC5)C)OC)C(=O)N1CCF
30088,Q05397,8.4,C[C@@H]1C2=C(C(=CC=C2)OC3=NC(=NC=C3C(F)(F)F)NC4=C(C=C(C(=C4)F)C(=O)NC5CCN(CC5)C)OC)C(=O)N1CCF
30089,Q05397,8.4,CN1CC2=C(C1=O)C(=CC=C2)OC3=NC(=NC=C3C(F)(F)F)NC4=C(C=C(C=C4)/C=C/C(=O)N(C)C)OC
30090,Q05397,8.4,CN1CC[C@H]([C@H](C1)F)NC(=O)C2=CC(=C(C=C2F)NC3=NC=C(C(=N3)OC4=CC=CC5=C4C(=O)CC5)C(F)(F)F)OC
30091,Q05397,8.4,CN1CC2=C(C1=O)C(=CC=C2)OC3=NC(=NC=C3C(F)(F)F)NC4=C(C=C(C=C4)O[C@H]5CCOC5)OC
30092,Q05397,8.4,CN1CCC(CC1)NC(=O)C2=CC(=C(C=C2)NC3=NC=C(C(=N3)OC4=C(C=CC(=C4)F)NS(=O)(=O)C)C(F)(F)F)OC
30093,Q05397,8.4,COC1=C(C=C(C(=C1)C(=O)NC2CCOCC2)F)NC3=NC=C(C(=N3)OC4=CC=CC5=C4C(=O)N(C5)OC)C(F)(F)F
30094,Q05397,8.44,CC1=C(C=CC(=C1)C2CCN(CC2)C)NC3=NC=C(C(=N3)CCC4=CC=CC=C4CC(=O)N)C(F)(F)F
30095,Q05397,8.44,CCC1=C(C=CC(=C1)C2CCN(CC2)C)NC3=NC=C(C(=N3)CCC4=CC=CC=C4CC(=O)N)C(F)(F)F
30096,Q05397,8.44,CCN1CCC(CC1)C2=CC(=C(C=C2)NC3=NC=C(C(=N3)CCC4=CC=CC=C4CC(=O)N)C(F)(F)F)OC
30097,Q05397,8.469999999999999,CCN1CCN(CC1)C2=CC=C(C=C2)NC3=NC=C(C(=N3)CCC4=CC=CC=C4CC(=O)N)C(F)(F)F
30098,Q05397,8.52,COC1=C(C=CC(=C1)C(=O)NC2CCOCC2)NC3=NC=C(C(=N3)OC4=CC=CC5=C4C(=O)OC5)C(F)(F)F
30099,Q05397,8.52,CC1=C(C=CC(=C1)C(=O)NOC)NC2=NC=C(C(=N2)OC3=CC=CC4=C3C(=O)N(C4)C)C(F)(F)F
30100,Q05397,8.52,CC(C)C1=CN=C(N=C1OC2=CC=CC3=C2C(=O)CC3)NC4=C(C=C(C=C4)C(=O)NC5CCN(CC5)C)OC
30101,Q05397,8.52,CN1CC[C@@H]([C@H](C1)F)NC(=O)C2=CC(=C(C=C2)NC3=NC=C(C(=N3)OC4=CC=CC5=C4C(=O)CC5)C(F)(F)F)OC
30102,Q05397,8.52,CN1CC[C@H]([C@H](C1)F)NC(=O)C2=CC(=C(C=C2)NC3=NC=C(C(=N3)OC4=CC=CC5=C4C(=O)CC5)C(F)(F)F)OC
30103,Q05397,8.52,CN1CCC(CC1)NC(=O)C2=CC(=C(C=C2)NC3=NC=C(C(=N3)OC4=CC=CC=C4NS(=O)(=O)C)C(F)(F)F)OC
30104,Q05397,8.52,CN1CCC(CC1)NC(=O)C2=CC(=C(C=C2Cl)NC3=NC=C(C(=N3)OC4=CC=CC5=C4C(=O)CC5)C(F)(F)F)OC
30105,Q05397,8.52,C/C(=C\C(=O)N(C)C)/C1=CC(=C(C=C1)NC2=NC=C(C(=N2)OC3=CC=CC4=C3C(=O)N(C4)C)C(F)(F)F)OC
30106,Q05397,8.52,CN1CC2=C(C1=O)C(=CC=C2)OC3=NC(=NC=C3C(F)(F)F)NC4=C(C=C(C=C4)C(=O)NCCCOC)OC
30107,Q05397,8.52,CC1=C2CCC(=O)C2=C(C=C1)OC3=NC(=NC=C3C(F)(F)F)NC4=C(C=C(C(=C4)F)C(=O)NC5CCN(CC5)C)OC
30108,Q05397,8.52,CN1CC2=C(C1=O)C(=CC=C2)OC3=NC(=NC=C3C(F)(F)F)NC4=C(C=C(C=C4)C(=O)NC5CCOCC5)OC
30109,Q05397,8.52,CC1=C(C=CC(=C1)C(=O)NC2CCN(CC2)C(=O)C)NC3=NC=C(C(=N3)OC4=CC=CC5=C4C(=O)N(C5)C)C(F)(F)F
30110,Q05397,8.52,CN1CCC(CC1)NC(=O)C2=CC(=C(C=C2)NC3=NC=C(C(=N3)OC4=CC=CC5=C4C(=O)OC5)C(F)(F)F)OC
30111,Q05397,8.52,CN1CC2=C(C1=O)C(=CC=C2)OC3=NC(=NC=C3C(F)(F)F)NC4=C(C=C(C=C4)O[C@@H]5CO[C@H]6[C@@H]5OC[C@H]6O)OC
30112,Q05397,8.52,CC1=CC(=C(C=C1C(=O)N(C)C)OC)NC2=NC=C(C(=N2)OC3=CC=CC4=C3C(=O)N(C4)C)C(F)(F)F
30113,Q05397,8.52,CN1CC2=C(C1=O)C(=CC=C2)OC3=NC(=NC=C3C(F)(F)F)NC4=C(C=C(C(=C4)F)C(=O)NC5CCOC5)OC
30114,Q05397,8.52,CC1C2=C(C(=CC=C2)OC3=NC(=NC=C3C(F)(F)F)NC4=C(C=C(C=C4)C(=O)NC5CCN(CC5)C)OC)C(=O)N1CCF
30115,Q05397,8.57,C1CNCCC1C2=CC(=C(C=C2)NC3=NC=C(C(=N3)CCC4=CC=CC=C4CC(=O)N)C(F)(F)F)OC(F)(F)F
30116,Q05397,8.61,C1CC(CNC1)C2=CC=C(C=C2)NC3=NC=C(C(=N3)CCC4=CC=CC=C4CC(=O)N)C(F)(F)F
30117,Q05397,8.66,CN1CCC(CC1)C2=CC(=C(C=C2)NC3=NC=C(C(=N3)CCC4=CC=CC=C4CC(=O)N)C(F)(F)F)OC
30118,Q05397,8.66,CN1CCC(CC1)C2=CC(=C(C=C2)NC3=NC=C(C(=N3)CCC4=CC=CC=C4CC(=O)N)C(F)(F)F)OC(F)(F)F
30119,Q05397,8.665,CC(=O)N1CCC(CC1)C2=CC=C(C=C2)NC3=NC=C(C(=N3)CCC4=CC=CC=C4CC(=O)N)C(F)(F)F
30120,Q05397,8.68,CN1CCC(CC1)C2=CC(=C(C=C2)NC3=NC=C(C(=N3)CCC4=CC=CC(=C4)C(=O)N)C(F)(F)F)OC
30121,Q05397,8.7,CN1CC[C@@H]([C@@H](C1)F)NC(=O)C2=CC(=C(C=C2Cl)NC3=NC=C(C(=N3)OC4=CC=CC5=C4C(=O)N(C5)C)C(F)(F)F)OC
30122,Q05397,8.7,CN1CCC(CC1)NC2=C(C=C(C=C2)NC3=NC=C(C(=N3)OC4=CC=CC5=C4C(=O)N(C5)C)C(F)(F)F)F
30123,Q05397,8.7,CN1CC2=C(C1=O)C(=CC=C2)OC3=NC(=NC=C3C(F)(F)F)NC4=C(C=C(C(=C4)F)C(=O)NC5CCN(CC5)C6CC6)OC
30124,Q05397,8.7,CN1CC2=C(C1=O)C(=CC=C2)OC3=NC(=NC=C3Cl)NC4=C(C=C(C=C4)CN(C)C)OC
30125,Q05397,8.7,CN1CCC(CC1)NC(=O)C2=CC(=C(C=C2)NC3=NC=C(C(=N3)OC4=CC=CC5=C4C(=O)N(C5)OC)C(F)(F)F)OC
30126,Q05397,8.7,CNC(=O)C1=CC(=C(C=C1)NC2=NC=C(C(=N2)OC3=CC=CC4=C3C(=O)N(C4)C)C(F)(F)F)OC
30127,Q05397,8.7,CN1CC2=C(C1=O)C(=CC=C2)OC3=NC(=NC=C3C(F)(F)F)NC4=C(C=C(C=C4)N5CCN(CC5)C6COC6)OC
30128,Q05397,8.7,CN1CC[C@@H]([C@@H](C1)F)NC(=O)C2=CC(=C(C=C2)NC3=NC=C(C(=N3)OC4=CC=CC5=C4C(=O)CC5)C(F)(F)F)OC
30129,Q05397,8.7,CN1CC[C@H]([C@H](C1)F)NC(=O)C2=CC(=C(C=C2F)NC3=NC=C(C(=N3)OC4=CC=CC5=C4C(=O)N(C5)C)Cl)OC
30130,Q05397,8.7,CCN1CCC(CC1)NC(=O)C2=CC(=C(C=C2Cl)NC3=NC=C(C(=N3)OC4=CC=CC5=C4C(=O)N(C5)C)C(F)(F)F)OC
30131,Q05397,8.7,CC1=C2CCC(=O)C2=C(C=C1)OC3=NC(=NC=C3C(F)(F)F)NC4=C(C=C(C=C4)C(=O)NC5CCN(CC5)C)OC
30132,Q05397,8.7,CN1CCC(CC1)NC(=O)C2=CC(=C(C=C2F)NC3=NC=C(C(=N3)OC4=CC=CC5=C4C(=O)N(C5)C)Cl)OC
30133,Q05397,8.7,CN1CCC(CC1)NC(=O)C2=CC(=C(C=C2)NC3=NC=C(C(=N3)OC4=CC=CC5=C4C(=O)N(CC5)C)C(F)(F)F)OC
30134,Q05397,8.7,CN1CC2=C(C1=O)C(=CC=C2)OC3=NC(=NC=C3C(F)(F)F)NC4=C(C=C(C=C4)N5CCN(CC5)CC(=O)N(C)OC)OC
30135,Q05397,8.7,CC1=C(C=CC(=C1)C(=O)NC)NC2=NC=C(C(=N2)OC3=CC=CC4=C3C(=O)N(C4)C)C(F)(F)F
30136,Q05397,8.7,CC1=C(C=CC(=C1)C(=O)NCCOC)NC2=NC=C(C(=N2)OC3=CC=CC4=C3C(=O)N(C4)C)C(F)(F)F
30137,Q05397,8.7,CCN1CCC(CC1)NC(=O)C2=CC(=C(C=C2F)NC3=NC=C(C(=N3)OC4=CC=CC5=C4C(=O)N(C5)C)C(F)(F)F)OC
30138,Q05397,8.7,CN1CCC(CC1)NC(=O)C2=CC(=C(C=C2)NC3=NC=C(C(=N3)OC4=CC=CC5=C4C(=O)CC5)Br)OC
30139,Q05397,8.7,CN1CC2=C(C1=O)C(=CC=C2)OC3=NC(=NC=C3C(F)(F)F)NC4=C(C=C(C=C4)N5CCN(CC5)CC6CC6)OC
30140,Q05397,8.7,CCN1CCC(CC1)NC(=O)C2=CC(=C(C=C2)NC3=NC=C(C(=N3)OC4=CC=CC5=C4C(=O)N(C5)C)C(F)(F)F)OC
30141,Q05397,8.7,CN1CCC([C@@H](C1)OC)NC(=O)C2=CC(=C(C=C2F)NC3=NC=C(C(=N3)OC4=CC=CC5=C4C(=O)N(C5)C)C(F)(F)F)OC
30142,Q05397,8.7,CN1CCC(CC1)NC(=O)C2=CC(=C(C=C2)NC3=NC=C(C(=N3)OC4=CC=CC5=C4C(=O)CC5)C(F)(F)F)OC
30143,Q05397,8.7,CN1CCC(CC1)NC(=O)C2=CC(=C(C=C2F)NC3=NC=C(C(=N3)OC4=CC=CC5=C4C(=O)CC5)C#N)OC
30144,Q05397,8.7,CC(C)(CNC(=O)C1=CC(=C(C=C1F)NC2=NC=C(C(=N2)OC3=CC=CC4=C3C(=O)N(C4)C)C(F)(F)F)OC)CN(C)C
30145,Q05397,8.7,CC1=C2CN(C(=O)C2=C(C=C1)OC3=NC(=NC=C3C(F)(F)F)NC4=C(C=C(C(=C4)F)C(=O)NC5CCN(CC5)C)OC)C
30146,Q05397,8.7,CN1CCC(CC1)NC(=O)C2=CC(=C(C=C2F)NC3=NC=C(C(=N3)OC4=CC=CC5=C4C(=O)CC5)Cl)OC
30147,Q05397,8.7,CN1CCN(CC1)C2=CC(=C(C=C2)NC3=NC=C(C(=N3)OC4=CC=CC5=C4C(=O)CC5)Cl)OC
30148,Q05397,8.7,CN1CC[C@H]([C@H](C1)F)NC(=O)C2=CC(=C(C=C2F)NC3=NC=C(C(=N3)OC4=CC=CC5=C4C(=O)N(C5)C)C(F)(F)F)OC
30149,Q05397,8.7,CN1CC2=C(C1=O)C(=CC=C2)OC3=NC(=NC=C3C(F)(F)F)NC4=C(C=C(C(=C4)F)C(=O)NC5CCN(CC5)C6CCOCC6)OC
30150,Q05397,8.7,C[C@H]1C2=C(C(=CC=C2)OC3=NC(=NC=C3Cl)NC4=C(C=C(C(=C4)F)C(=O)N[C@H]5CCN(C[C@H]5F)C(C)C)OC)C(=O)N1C
30151,Q05397,8.7,C[C@H]1C2=C(C(=CC=C2)OC3=NC(=NC=C3C(F)(F)F)NC4=C(C=C(C=C4)C(=O)NC5CCN(CC5)C)OC)C(=O)N1CCF
30152,Q05397,8.7,C[C@@H]1C2=C(C(=CC=C2)OC3=NC(=NC=C3C(F)(F)F)NC4=C(C=C(C=C4)C(=O)NC5CCN(CC5)C)OC)C(=O)N1CCF
30153,Q05397,8.7,CC1=CC(=C(C=C1C(=O)NCC2CC2)OC)NC3=NC=C(C(=N3)OC4=CC=CC5=C4C(=O)N(C5)C)Cl
30154,Q05397,8.72,CN(C1=CC=CC(=C1)CNC2=NC(=NC=C2C(F)(F)F)NC3=CC4=C(C=C3)NC(=O)C4)S(=O)(=O)C
30155,Q05397,8.72,COC1=C(C=CC(=C1)N2CCNCC2)NC3=NC=C(C(=N3)CCC4=CC=CC=C4CC(=O)N)C(F)(F)F
30156,Q05397,8.76,CN1CCC2=C(C1)C=CC(=C2)NC3=NC=C(C(=N3)CCC4=CC=CC=C4CC(=O)N)C(F)(F)F
30157,Q05397,8.82,CN(C1=C(C=CC=N1)CNC2=NC(=NC=C2C(F)(F)F)NC3=CC4=C(C=C3)NC(=O)C4)S(=O)(=O)C.C1=CC=C(C=C1)S(=O)(=O)O
30158,Q05397,8.82,CNC(=O)C1=CC=CC=C1NC2=CC(=NC=C2C(F)(F)F)NC3=C(C=C(C=C3)N4CCOCC4)OC.Cl
30159,Q05397,8.879999999999997,CN(C1=C(C=CC=N1)CNC2=NC(=NC=C2C(F)(F)F)NC3=CC4=C(C=C3)NC(=O)C4)S(=O)(=O)C
30160,Q05397,8.879999999999997,CN(C1=CC=CC=C1CNC2=NC(=NC=C2C(F)(F)F)NC3=CC4=C(C=C3)NC(=O)C4)S(=O)(=O)C
30161,Q05397,9.0,CN1CC[C@H]([C@H](C1)OC)NC(=O)C2=CC(=C(C=C2Cl)NC3=NC=C(C(=N3)OC4=CC=CC5=C4C(=O)N(C5)C)Cl)OC
30162,Q05397,9.0,CC1=CC(=C(C=C1C(=O)NC2CCN(CC2)C)OC)NC3=NC=C(C(=N3)OC4=CC=CC5=C4C(=O)N(C5)C)Cl
30163,Q05397,9.0,CC(C)N1CCN(CC1)C2=CC(=C(C=C2)NC3=NC=C(C(=N3)OC4=CC=CC5=C4C(=O)N(C5)C)C(F)(F)F)OC
30164,Q05397,9.0,CN1CC2=C(C1=O)C(=CC=C2)OC3=NC(=NC=C3Cl)NC4=C(C=C(C(=C4)Cl)C(=O)NC5CCN(CC5)C6CCOCC6)OC
30165,Q05397,9.0,CN1CC[C@H]([C@H](C1)OC)NC(=O)C2=CC(=C(C=C2F)NC3=NC=C(C(=N3)OC4=CC=CC5=C4C(=O)N(C5)OC)Cl)OC
30166,Q05397,9.0,CC1C2=C(C(=CC=C2)OC3=NC(=NC=C3C(F)(F)F)NC4=C(C=C(C=C4)C(=O)N[C@H]5CCN(C[C@H]5F)C)OC)C(=O)N1C
30167,Q05397,9.0,CC1(C2=C(C(=CC=C2)OC3=NC(=NC=C3C(F)(F)F)NC4=C(C=C(C(=C4)Cl)C(=O)N[C@H]5CCN(C[C@H]5F)C)OC)C(=O)N1C)C
30168,Q05397,9.0,CN1CC[C@@H]([C@@H](C1)F)NC(=O)C2=CC(=C(C=C2F)NC3=NC=C(C(=N3)OC4=CC=CC5=C4C(=O)N(C5)OC)Cl)OC
30169,Q05397,9.0,CC1=CC(=C(C=C1C(=O)NC)OC)NC2=NC=C(C(=N2)OC3=CC=CC4=C3C(=O)N(C4)C)C(F)(F)F
30170,Q05397,9.0,C[C@H]1C2=C(C(=CC=C2)OC3=NC(=NC=C3Cl)NC4=C(C=C(C(=C4)F)C(=O)N[C@H]5CCN(C[C@H]5F)C)OC)C(=O)N1C
30171,Q05397,9.0,C[C@@H]1C2=C(C(=CC=C2)OC3=NC(=NC=C3Cl)NC4=C(C=C(C(=C4)F)C(=O)N[C@H]5CCN(C[C@H]5F)C)OC)C(=O)N1C
30172,Q05397,9.0,CC1C2=C(C(=CC=C2)OC3=NC(=NC=C3Cl)NC4=C(C=C(C=C4)N5CCN(CC5)C)OC)C(=O)N1C
30173,Q05397,9.0,CN1CCC(CC1)NC(=O)C2=CC(=C(C=C2Cl)NC3=NC=C(C(=N3)OC4=CC=CC5=C4C(=O)N(C5)C)C(F)(F)F)OC
30174,Q05397,9.0,CC1C2=C(C(=CC=C2)OC3=NC(=NC=C3C(F)(F)F)NC4=C(C=C(C=C4)C(=O)NC5CCN(CC5)C)OC)C(=O)N1C
30175,Q05397,9.0,CC1=CC(=C(C=C1C(=O)NCCN(C)C)OC)NC2=NC=C(C(=N2)OC3=CC=CC4=C3C(=O)N(C4)C)C(F)(F)F
30176,Q05397,9.0,CN1CCC([C@@H](C1)OC)NC(=O)C2=CC(=C(C=C2)NC3=NC=C(C(=N3)OC4=CC=CC5=C4C(=O)N(C5)C)C(F)(F)F)OC
30177,Q05397,9.0,CN1CC[C@@H]([C@H](C1)OC)NC(=O)C2=CC(=C(C=C2)NC3=NC=C(C(=N3)OC4=CC=CC5=C4C(=O)N(C5)C)C(F)(F)F)OC
30178,Q05397,9.0,CC1(C2=C(C(=CC=C2)OC3=NC(=NC=C3C(F)(F)F)NC4=C(C=C(C(=C4)Cl)C(=O)N[C@@H]5CCN(C[C@@H]5OC)C)OC)C(=O)N1C)C
30179,Q05397,9.0,C[C@H]1C2=C(C(=CC=C2)OC3=NC(=NC=C3Cl)NC4=C(C=C(C(=C4)F)C(=O)NC5CCN(CC5)C)OC)C(=O)N1C
30180,Q05397,9.0,C[C@@H]1C2=C(C(=CC=C2)OC3=NC(=NC=C3Cl)NC4=C(C=C(C(=C4)F)C(=O)NC5CCN(CC5)C)OC)C(=O)N1C
30181,Q05397,9.0,CC1=C(C=CC(=C1)C(=O)NC2CCCN(C2)C)NC3=NC=C(C(=N3)OC4=CC=CC5=C4C(=O)N(C5)C)C(F)(F)F
30182,Q05397,9.0,CN(C1=CC=CC=C1CNC2=NC(=NC=C2C(F)(F)F)NC3=CC4=C(C=C3)NS(=O)(=O)C4)S(=O)(=O)C
30183,Q05397,9.0,CN1CC[C@@H]([C@@H](C1)F)NC(=O)C2=CC(=C(C=C2)NC3=NC=C(C(=N3)OC4=CC=CC5=C4C(=O)N(C5)C)C(F)(F)F)OC
30184,Q05397,9.0,CN1CC[C@H]([C@H](C1)F)NC(=O)C2=CC(=C(C=C2)NC3=NC=C(C(=N3)OC4=CC=CC5=C4C(=O)N(C5)C)C(F)(F)F)OC
30185,Q05397,9.0,CN1CC2=C(C1=O)C(=CC=C2)OC3=NC(=NC=C3C(F)(F)F)NC4=C(C=C(C=C4)C(=O)NC5CCN(CC5)CCO)OC
30186,Q05397,9.0,CN1CC2=C(C1=O)C(=CC=C2)OC3=NC(=NC=C3C(F)(F)F)NC4=C(C=C(C=C4)CN(C)C)OC
30187,Q05397,9.0,CN1CCC(CC1)NC(=O)C2=CC(=C(C=C2F)NC3=NC=C(C(=N3)OC4=CC=CC5=C4C(=O)N(C5)OC)C(F)(F)F)OC
30188,Q05397,9.0,CC1=CC(=C(C=C1C(=O)NC2CCN(CC2)C3CCOCC3)OC)NC4=NC=C(C(=N4)OC5=CC=CC6=C5C(=O)N(C6)C)Cl
30189,Q05397,9.0,C[C@H]1C2=C(C(=CC=C2)OC3=NC(=NC=C3Cl)NC4=C(C=C(C(=C4)Cl)C(=O)N[C@H]5CCN(C[C@H]5F)C)OC)C(=O)N1C
30190,Q05397,9.0,C[C@@H]1C2=C(C(=CC=C2)OC3=NC(=NC=C3Cl)NC4=C(C=C(C(=C4)Cl)C(=O)N[C@H]5CCN(C[C@H]5F)C)OC)C(=O)N1C
30191,Q05397,9.0,CC1=CC(=C(C=C1C(=O)N[C@@H]2CCN(C[C@@H]2OC)C)OC)NC3=NC=C(C(=N3)OC4=CC=CC5=C4C(=O)N(C5(C)C)C)Cl
30192,Q05397,9.0,CC1=CC(=C(C=C1C(=O)NC2CCN(C[C@H]2OC)C)OC)NC3=NC=C(C(=N3)OC4=CC=CC5=C4C(=O)N(C5(C)C)C)Cl
30193,Q05397,9.0,CC1=C(C=CC(=C1)C(=O)NC2CCN(CC2)CCOC)NC3=NC=C(C(=N3)OC4=CC=CC5=C4C(=O)N(C5)C)C(F)(F)F
30194,Q05397,9.0,C[C@H]1C2=C(C(=CC=C2)OC3=NC(=NC=C3Cl)NC4=C(C=C(C(=C4)Cl)C(=O)N[C@H]5CCN(C[C@H]5OC)C)OC)C(=O)N1C
30195,Q05397,9.0,C[C@@H]1C2=C(C(=CC=C2)OC3=NC(=NC=C3Cl)NC4=C(C=C(C(=C4)Cl)C(=O)N[C@@H]5CCN(C[C@@H]5OC)C)OC)C(=O)N1C
30196,Q05397,9.0,CCN1CC[C@@H]([C@@H](C1)F)NC(=O)C2=CC(=C(C=C2F)NC3=NC=C(C(=N3)OC4=CC=CC5=C4C(=O)N([C@H]5C)C)Cl)OC
30197,Q05397,9.0,CN1CCN(CC1)C2=CC(=C(C=C2)NC3=NC=C(C(=N3)OC4=CC=CC5=C4C(=O)N(C5)C)C(F)(F)F)OC
30198,Q05397,9.0,CN1CC[C@@H]([C@@H](C1)F)NC(=O)C2=CC(=C(C=C2Cl)NC3=NC=C(C(=N3)OC4=CC=CC5=C4C(=O)N(C5)C)Cl)OC
30199,Q05397,9.0,CC1C2=C(C(=CC=C2)OC3=NC(=NC=C3C(F)(F)F)NC4=C(C=C(C(=C4)Cl)C(=O)NC5CCN(CC5)C)OC)C(=O)N1C
30200,Q05397,9.0,CN1CC2=C(C1=O)C(=CC=C2)OC3=NC(=NC=C3C(F)(F)F)NC4=C(C=C(C(=C4)F)C(=O)NCCN(C)C)OC
30201,Q05397,9.0,C[C@@H]1C2=C(C(=CC=C2)OC3=NC(=NC=C3Cl)NC4=C(C=C(C(=C4)F)C(=O)N[C@@H]5CCN(C[C@@H]5OC)C)OC)C(=O)N1C
30202,Q05397,9.0,C[C@H]1C2=C(C(=CC=C2)OC3=NC(=NC=C3Cl)NC4=C(C=C(C(=C4)F)C(=O)N[C@@H]5CCN(C[C@@H]5OC)C)OC)C(=O)N1C
30203,Q05397,9.0,CN1CC[C@@H]([C@H](C1)OC)NC(=O)C2=CC(=C(C=C2F)NC3=NC=C(C(=N3)OC4=CC=CC5=C4C(=O)N(C5)C)C(F)(F)F)OC
30204,Q05397,9.0,CN1CC[C@H]([C@H](C1)OC)NC(=O)C2=CC(=C(C=C2F)NC3=NC=C(C(=N3)OC4=CC=CC5=C4C(=O)N(C5)C)C(F)(F)F)OC
30205,Q05397,9.0,CN1CC2=C(C1=O)C(=CC=C2)OC3=NC(=NC=C3C(F)(F)F)NC4=C(C=C(C=C4)C(=O)NCCOC)OC
30206,Q05397,9.0,CN1CC2=C(C1=O)C(=CC=C2)OC3=NC(=NC=C3C(F)(F)F)NC4=C(C=C(C=C4)N5CCN(CC5)CC(=O)N(C)C)OC
30207,Q05397,9.0,CC1=CC(=C(C=C1C(=O)N[C@H]2CCN(C[C@H]2F)C)OC)NC3=NC=C(C(=N3)OC4=CC=CC5=C4C(=O)N(C5)C)Cl
30208,Q05397,9.0,CN1CCN(CC1)C2=CC(=C(C=C2)NC3=NC=C(C(=N3)OC4=CC=CC5=C4C(=O)CC5)C#N)OC
30209,Q05397,9.0,CN1CCC[C@H](C1)NC(=O)C2=CC(=C(C=C2)NC3=NC=C(C(=N3)OC4=CC=CC5=C4C(=O)N(C5)OC)C(F)(F)F)OC
30210,Q05397,9.0,CN1CC2=C(C1=O)C(=CC=C2)OC3=NC(=NC=C3C(F)(F)F)NC4=C(C=C(C(=C4)F)C(=O)NC[C@@H](CO)O)OC
30211,Q05397,9.0,CN1CC2=C(C1=O)C(=CC=C2)OC3=NC(=NC=C3C(F)(F)F)NC4=C(C=C(C=C4)CN5CCCC5)OC
30212,Q05397,9.0,CN1CC[C@H]([C@H](C1)OC)NC(=O)C2=CC(=C(C=C2F)NC3=NC=C(C(=N3)OC4=CC=CC5=C4C(=O)N(C5)C)Cl)OC
30213,Q05397,9.0,CN1CCC(CC1)NC(=O)C2=CC(=C(C=C2Cl)NC3=NC=C(C(=N3)OC4=CC=CC5=C4C(=O)N(C5)C)Cl)OC
30214,Q05397,9.0,CN1CCC(CC1)NC(=O)C2=CC(=C(C=C2F)NC3=NC=C(C(=N3)OC4=CC=CC5=C4C(=O)N(C5)C)C(F)(F)F)OC
30215,Q05397,9.0,CN1CCC[C@@H](C1)NC(=O)C2=CC(=C(C=C2Cl)NC3=NC=C(C(=N3)OC4=CC=CC5=C4C(=O)N(C5)C)C(F)(F)F)OC
30216,Q05397,9.0,CC1C(C(=O)C2=C1C=CC=C2OC3=NC(=NC=C3Cl)NC4=C(C=C(C(=C4)Cl)C(=O)N[C@H]5CCN(C[C@H]5F)C)OC)C
30217,Q05397,9.0,CC1=CC(=C(C=C1C(=O)N[C@@H]2CCN(C[C@H]2OC)C)OC)NC3=NC=C(C(=N3)OC4=CC=CC5=C4C(=O)N(C5)C)C(F)(F)F
30218,Q05397,9.0,CC1=CC(=C(C=C1C(=O)N[C@H]2CCN(C[C@@H]2OC)C)OC)NC3=NC=C(C(=N3)OC4=CC=CC5=C4C(=O)N(C5)C)C(F)(F)F
30219,Q05397,9.0,CN1CCC(CC1)NC(=O)C2=CC(=C(C=C2)NC3=NC=C(C(=N3)OC4=CC=CC5=C4C(=O)N(C5)C)C(F)(F)F)OC
30220,Q05397,9.0,CN1CCC[C@H](C1)NC(=O)C2=CC(=C(C=C2F)NC3=NC=C(C(=N3)OC4=CC=CC5=C4C(=O)N(C5)OC)C(F)(F)F)OC
30221,Q05397,9.0,CN1CC[C@@H]([C@@H](C1)F)NC(=O)C2=CC(=C(C=C2F)NC3=NC=C(C(=N3)OC4=CC=CC5=C4C(=O)N(C5)C)C(F)(F)F)OC
30222,Q05397,9.0,CN1CC2=C(C1=O)C(=CC=C2)OC3=NC(=NC=C3C(F)(F)F)NC4=C(C=C(C=C4)C[C@@H](CO)O)OC
30223,Q05397,9.0,CN1CC2=C(C1=O)C(=CC=C2)OC3=NC(=NC=C3C(F)(F)F)NC4=C(C=C(C=C4)C[C@H](CO)O)OC
30224,Q05397,9.0,CC1=CC(=C(C=C1C(=O)NC2CCN(CC2)C)OC)NC3=NC=C(C(=N3)OC4=CC=CC5=C4C(=O)N(C5)C)C(F)(F)F
30225,Q05397,9.0,CN1CC2=C(C1=O)C(=CC=C2)OC3=NC(=NC=C3C(F)(F)F)NC4=C(C=C(C=C4)C(=O)NOC)OC
30226,Q05397,9.0,CN1CC2=C(C1=O)C(=CC=C2)OC3=NC(=NC=C3C(F)(F)F)NC4=C(C=C(C=C4)C(=O)NC5CCN(CC5)CCOC)OC
30227,Q05397,9.0,CC1=CC(=C(C=C1C(=O)N[C@H]2CCN(C[C@H]2F)C)OC)NC3=NC=C(C(=N3)OC4=CC=CC5=C4C(=O)N(C5(C)C)C)Cl
30228,Q05397,9.0,CN1CC2=C(C1=O)C(=CC=C2)OC3=NC(=NC=C3C(F)(F)F)NC4=C(C=C(C=C4)C#CCN(C)C)OC
30229,Q05397,9.0,CC1C2=C(C(=CC=C2)OC3=NC(=NC=C3C(F)(F)F)NC4=C(C=C(C=C4)O[C@@H]5CO[C@H]6[C@@H]5OC[C@H]6O)OC)C(=O)N1C
30230,Q05397,9.0,CC1(C2=C(C(=CC=C2)OC3=NC(=NC=C3C(F)(F)F)NC4=C(C=C(C(=C4)F)C(=O)NC5CCN(CC5)C)OC)C(=O)N1C)C
30231,Q05397,9.0,CC1=C(C=CC(=C1)C(=O)NC2CCN(CC2)CCO)NC3=NC=C(C(=N3)OC4=CC=CC5=C4C(=O)N(C5)C)C(F)(F)F
30232,Q05397,9.0,CC1=CC(=C(C=C1C(=O)N[C@@H]2CCCN(C2)C)OC)NC3=NC=C(C(=N3)OC4=CC=CC5=C4C(=O)N(C5)C)C(F)(F)F
30233,Q05397,9.0,CC1=CC(=C(C=C1C(=O)N[C@H]2CCCN(C2)C)OC)NC3=NC=C(C(=N3)OC4=CC=CC5=C4C(=O)N(C5)C)C(F)(F)F
30234,Q05397,9.0,CC1=CC(=C(C=C1C(=O)NC2CCCN(C2)C)OC)NC3=NC=C(C(=N3)OC4=CC=CC5=C4C(=O)N(C5)C)C(F)(F)F
30235,Q05397,9.0,CN1CCC(CC1)NC(=O)C2=CC(=C(C=C2Cl)NC3=NC=C(C(=N3)OC4=CC=CC5=C4C(=O)CC5)C#N)OC
30236,Q05397,9.0,CC1=CC(=C(C=C1C(=O)N[C@@H]2CCN(C[C@@H]2OC)C)OC)NC3=NC=C(C(=N3)OC4=CC=CC5=C4C(=O)N(C5)C)Cl
30237,Q05397,9.0,CN1CCC(CC1)NC(=O)C2=CC(=C(C=C2F)NC3=NC=C(C(=N3)OC4=CC=CC5=C4C(=O)N(C5)OC)Cl)OC
30238,Q05397,9.0,CC1=C(C=CC(=C1)C(=O)NC2CCN(CC2)C)NC3=NC=C(C(=N3)OC4=CC=CC5=C4C(=O)N(C5)C)C(F)(F)F
30239,Q05397,9.0,C[C@H]1C2=C(C(=CC=C2)OC3=NC(=NC=C3Cl)NC4=C(C=C(C(=C4)Cl)C(=O)NC5CCN(CC5)C)OC)C(=O)N1C
30240,Q05397,9.0,C[C@@H]1C2=C(C(=CC=C2)OC3=NC(=NC=C3Cl)NC4=C(C=C(C(=C4)Cl)C(=O)NC5CCN(CC5)C)OC)C(=O)N1C
30241,Q05397,9.0,CN1CCC(CC1)NC(=O)C2=CC(=C(C=C2)NC3=NC=C(C(=N3)OC4=CC=CC5=C4C(=O)N(C5)C)Cl)OC
30242,Q05397,9.03,CN(C1=CC=CC=C1CNC2=NC(=NC=C2C(F)(F)F)NC3=CC=C(C=C3)S(=O)(=O)C)S(=O)(=O)C
30243,Q05397,9.3,CN(C1=CC=CC=C1CNC2=NC(=NC=C2C(F)(F)F)NC3=CC4=C(C=C3)C(=O)NC4)S(=O)(=O)C
